file	fragment	why	verdict	petta_n	leatta_n
and_or.metta	IN		DIFF	1	1
atomops.metta	IN		DIFF	9	9
booleansolver.metta	IN		DIFF	2	1
builin_types.metta	OUT	import!	DIFF	36	37
callquoteevalreduce.metta	OUT	add-atom	DIFF	4	4
callquoteevalreduce2.metta	IN		DIFF	4	4
case.metta	IN		AGREE	1	1
case2.metta	IN		AGREE	1	1
caseconstrain.metta	IN		DIFF	1	1
caseempty.metta	IN		AGREE	2	2
casenew.metta	IN		DIFF	1	0
chain.metta	IN		AGREE	2	2
collapse.metta	IN		AGREE	1	1
comments.metta	IN		AGREE	1	1
constanthead.metta	IN		AGREE	1	1
curry.metta	OUT	repr	DIFF	6	6
cut.metta	OUT	add-atom	DIFF	2	3
empty.metta	IN		AGREE	1	1
eval.metta	OUT	match &	DIFF	2	2
factorial.metta	IN		AGREE	1	1
fib.metta	IN		AGREE	1	1
fibadd.metta	OUT	add-atom	DIFF	2	2
fibsmart.metta	IN		AGREE	1	1
fibsmartimport.metta	OUT	import!	DIFF	1	2
foldall.metta	IN		DIFF	10	20
foldallmatch.metta	OUT	match &	DIFF	2	4
foldallspacecount.metta	OUT	match &	DIFF	1	3
forall.metta	IN		DIFF	12	21
functionhead.metta	IN		DIFF	2	2
functionhead2.metta	IN		DIFF	1	1
functionhead3.metta	IN		DIFF	6	6
functionremoval.metta	OUT	remove-atom	DIFF	8	15
functionremovalspec.metta	OUT	remove-atom	DIFF	6	12
functiontypes.metta	IN		DIFF	4	4
git_import.metta	OUT	import!	DIFF	5	4
git_import2.metta	OUT	git-import	DIFF	11	12
greedy_chess.metta	OUT	repr	PETTA-TIMEOUT		
he_assert.metta	OUT	import!	DIFF	5	6
he_atomspace.metta	OUT	import!	DIFF	7	9
he_equalreduct.metta	OUT	import!	DIFF	4	5
he_error.metta	OUT	import!	DIFF	5	6
he_evaluation.metta	OUT	import!	DIFF	4	5
he_math.metta	IN		DIFF	19	19
he_minimalmetta.metta	OUT	import!	PETTA-TIMEOUT		
he_quoting.metta	OUT	import!	DIFF	6	7
he_types.metta	OUT	import!	DIFF	7	8
holbenchmark.metta	IN		LEATTA-TIMEOUT	4	
holfunctions.metta	IN		DIFF	7	7
holfunctions_intrinsicop.metta	IN		DIFF	1	1
hyperpose_primes.metta	IN		DIFF	3	6
identity.metta	IN		AGREE	1	1
if.metta	IN		AGREE	1	1
if2.metta	IN		DIFF	1	1
if3.metta	IN		DIFF	1	1
if4.metta	IN		AGREE	1	1
ifcasenondet.metta	IN		AGREE	2	2
ifsimple.metta	IN		DIFF	1	1
invertfunction.metta	IN		DIFF	3	3
invertpeanoplus.metta	IN		DIFF	5	5
is_alpha_member_test.metta	IN		DIFF	25	23
iter.metta	IN		AGREE	1	1
lambda.metta	IN		DIFF	7	7
let_superpose_if_case.metta	IN		AGREE	1	1
letext.metta	IN		AGREE	1	1
letlet.metta	IN		AGREE	1	1
letstar.metta	IN		AGREE	1	1
library.metta	OUT	import!	DIFF	2	2
listhead.metta	IN		DIFF	3	3
llm_cities.metta	OUT	import!	DIFF	3	4
logicprog.metta	IN		LEATTA-TIMEOUT	1	
logicprogset.metta	IN		DIFF	1	1
matchnested.metta	OUT	add-atom	DIFF	1	1
matchnested2.metta	OUT	add-atom	DIFF	1	1
matchsingle.metta	IN		DIFF	2	2
matchtypes.metta	IN		DIFF	6	20
matespace.metta	OUT	add-atom	LEATTA-TIMEOUT	1	
matespace2.metta	OUT	add-atom	LEATTA-TIMEOUT	1	
matespacefast.metta	OUT	add-atom	LEATTA-TIMEOUT	1	
math.metta	IN		DIFF	19	19
meta_types.metta	IN		DIFF	6	6
metta4_prog.metta	OUT	add-atom	DIFF	3	3
metta4_streams.metta	OUT	add-atom	DIFF	5	5
mettaset.metta	OUT	add-atom	DIFF	9	55
multicall.metta	IN		AGREE	1	1
multiset_operations.metta	IN		AGREE	4	4
mutex_and_transaction.metta	OUT	add-atom	DIFF	8	8
myinterpreter.metta	IN		DIFF	4	2
nars_direct.metta	OUT	import!	DIFF	7	7
nars_tuffy.metta	OUT	import!	DIFF	1	2
nestedcons.metta	IN		DIFF	1	1
nilbc.metta	OUT	repr	DIFF	25	28
once.metta	OUT	add-atom	DIFF	2	3
parametric_types.metta	IN		DIFF	1	3
parse.metta	IN		DIFF	5	5
partialdef.metta	IN		DIFF	2	2
patrick_iterate_fib.metta	OUT	import!	DIFF	2	2
patrick_iterate_quad.metta	OUT	import!	DIFF	2	2
patrick_test.metta	OUT	import!	DIFF	4	4
peano.metta	OUT	add-atom	LEATTA-TIMEOUT	1	
peanofast.metta	OUT	add-atom	LEATTA-TIMEOUT	2	
permutations.metta	OUT	match &	LEATTA-TIMEOUT	1	
pln_direct.metta	OUT	import!	DIFF	7	7
pln_roman.metta	OUT	import!	DIFF	1	2
pln_tuffy.metta	OUT	import!	DIFF	1	2
plntest.metta	IN		DIFF	1	1
plntestdirect.metta	IN		LEATTA-TIMEOUT	1	
prologimport.metta	OUT	import_prolog	DIFF	17	17
python.metta	OUT	py-call	DIFF	1	1
python_import.metta	OUT	import!	DIFF	2	3
recursive_types.metta	IN		DIFF	4	4
recursive_types2.metta	IN		DIFF	2	2
repl.metta	OUT	add-atom	PETTA-TIMEOUT		
repr.metta	OUT	repr	DIFF	6	6
roman_test.metta	OUT	import!	DIFF	20	27
scale.metta	OUT	add-atom	DIFF	1	1
selfprog.metta	OUT	remove-atom	DIFF	4	4
smartdispatch.metta	IN		AGREE	1	1
spacefunction.metta	OUT	add-atom	DIFF	8	8
spaces.metta	OUT	add-atom	AGREE	1	1
spaces2.metta	OUT	match &	DIFF	3	3
spaces3.metta	OUT	add-atom	DIFF	7	7
spaces_find.metta	OUT	import!	DIFF	1	2
spaces_removeallatoms.metta	OUT	import!	DIFF	5	5
spaces_succeedspredicate.metta	OUT	import!	DIFF	3	3
specialize.metta	IN		DIFF	12	11
specializecyclic.metta	IN		DIFF	4	2
specializefunctiontypes.metta	OUT	repr	DIFF	3	1
state.metta	OUT	bind!	DIFF	4	4
streamops.metta	IN		AGREE	4	4
string.metta	IN		AGREE	1	1
supercollapse.metta	IN		DIFF	1	1
superpose_nested.metta	IN		DIFF	1	1
superpose_primes.metta	IN		AGREE	1	1
tabling_fib.metta	OUT	import!	DIFF	3	3
test_alpha_unique_atom.metta	IN		DIFF	13	13
test_backward_v01.metta	OUT	match &	DIFF	3	6
test_backward_v02.metta	OUT	match &	DIFF	2	2
test_backward_v03.metta	OUT	match &	DIFF	5	5
test_backward_v04.metta	OUT	import!	DIFF	5	5
test_backward_v05.metta	OUT	import!	DIFF	5	5
test_backward_v06.metta	OUT	import!	DIFF	7	7
test_backward_v06_fixed.metta	OUT	import!	DIFF	7	7
test_backward_v07.metta	OUT	import!	DIFF	5	5
test_backward_v08.metta	OUT	import!	DIFF	5	5
test_backward_v09.metta	OUT	import!	DIFF	10	10
test_collapse.metta	OUT	import!	DIFF	5	5
test_deduce_raw.metta	OUT	import!	DIFF	3	3
test_evidence_kind.metta	OUT	import!	DIFF	5	6
test_evidence_kind_import.metta	OUT	import!	DIFF	6	6
test_evidence_kind_inline.metta	IN		AGREE	5	5
test_let_match.metta	OUT	import!	DIFF	3	3
test_match_3arg.metta	OUT	match &	DIFF	3	3
test_match_simple.metta	OUT	import!	DIFF	5	5
test_match_simple2.metta	OUT	match &	AGREE	1	1
test_nal_import.metta	OUT	import!	DIFF	5	5
test_nal_test_primitive.metta	OUT	import!	DIFF	9	9
test_nal_v032.metta	OUT	import!	DIFF	7	7
test_nal_v033.metta	OUT	import!	DIFF	5	5
test_nal_v034.metta	OUT	import!	DIFF	7	7
test_protocosmoMain.metta	OUT	import!	DIFF	2	3
test_string_comments.metta	IN		DIFF	11	11
test_stv_match.metta	OUT	match &	DIFF	2	2
test_ulc_accessors.metta	OUT	import!	DIFF	3	3
test_unify_eval_branches.metta	OUT	import!	DIFF	6	6
tests.metta	IN		AGREE	1	1
tilepuzzle.metta	OUT	import!	LEATTA-TIMEOUT	1	
torch.metta	OUT	py-call	DIFF	1	1
translatepredicate.metta	OUT	translatePredicate	DIFF	1	1
translatorrule.metta	IN		DIFF	5	5
translatorrule_fib.metta	IN		DIFF	2	2
translatorrule_for.metta	IN		DIFF	2	2
twostage.metta	IN		AGREE	2	2
types.metta	IN		DIFF	13	13
types_dependent.metta	IN		DIFF	2	2
types_nondet.metta	IN		DIFF	3	4
xor.metta	IN		AGREE	2	2
and_or.metta	IN		DIFF	1	0
atomops.metta	IN		DIFF	9	9
booleansolver.metta	IN		DIFF	2	0
builin_types.metta	OUT	import!	DIFF	36	37
callquoteevalreduce.metta	OUT	add-atom	DIFF	4	3
callquoteevalreduce2.metta	IN		DIFF	4	4
case.metta	IN		AGREE	1	1
case2.metta	IN		AGREE	1	1
caseconstrain.metta	IN		DIFF	1	0
caseempty.metta	IN		AGREE	2	2
casenew.metta	IN		DIFF	1	0
chain.metta	IN		AGREE	2	2
collapse.metta	IN		AGREE	1	1
comments.metta	IN		AGREE	1	1
constanthead.metta	IN		AGREE	1	1
curry.metta	OUT	repr	DIFF	6	6
cut.metta	OUT	add-atom	DIFF	2	3
empty.metta	IN		AGREE	1	1
eval.metta	OUT	match &	DIFF	2	2
factorial.metta	IN		AGREE	1	1
fib.metta	IN		AGREE	1	1
fibadd.metta	OUT	add-atom	DIFF	2	1
fibsmart.metta	IN		AGREE	1	1
fibsmartimport.metta	OUT	import!	DIFF	1	2
foldall.metta	IN		DIFF	10	20
foldallmatch.metta	OUT	match &	DIFF	2	4
foldallspacecount.metta	OUT	match &	DIFF	1	3
forall.metta	IN		DIFF	12	21
functionhead.metta	IN		DIFF	2	0
functionhead2.metta	IN		DIFF	1	1
functionhead3.metta	IN		DIFF	6	6
functionremoval.metta	OUT	remove-atom	DIFF	8	15
functionremovalspec.metta	OUT	remove-atom	DIFF	6	12
functiontypes.metta	IN		DIFF	4	4
git_import.metta	OUT	import!	DIFF	4	4
git_import2.metta	OUT	git-import	DIFF	11	12
greedy_chess.metta	OUT	repr	PETTA-TIMEOUT		
he_assert.metta	OUT	import!	DIFF	5	6
he_atomspace.metta	OUT	import!	DIFF	7	9
he_equalreduct.metta	OUT	import!	DIFF	4	5
he_error.metta	OUT	import!	DIFF	5	6
he_evaluation.metta	OUT	import!	DIFF	4	5
he_math.metta	IN		DIFF	19	19
he_minimalmetta.metta	OUT	import!	PETTA-TIMEOUT		
he_quoting.metta	OUT	import!	DIFF	6	5
he_types.metta	OUT	import!	DIFF	7	8
holbenchmark.metta	IN		LEATTA-TIMEOUT	4	
holfunctions.metta	IN		DIFF	7	7
holfunctions_intrinsicop.metta	IN		DIFF	1	0
hyperpose_primes.metta	IN		DIFF	3	6
identity.metta	IN		AGREE	1	1
if.metta	IN		AGREE	1	1
if2.metta	IN		DIFF	1	0
if3.metta	IN		DIFF	1	0
if4.metta	IN		AGREE	1	1
ifcasenondet.metta	IN		AGREE	2	2
ifsimple.metta	IN		AGREE	1	1
invertfunction.metta	IN		DIFF	3	3
invertpeanoplus.metta	IN		DIFF	5	5
is_alpha_member_test.metta	IN		DIFF	25	23
iter.metta	IN		AGREE	1	1
lambda.metta	IN		DIFF	7	7
let_superpose_if_case.metta	IN		AGREE	1	1
letext.metta	IN		AGREE	1	1
letlet.metta	IN		AGREE	1	1
letstar.metta	IN		AGREE	1	1
library.metta	OUT	import!	DIFF	2	2
listhead.metta	IN		DIFF	3	2
llm_cities.metta	OUT	import!	DIFF	3	4
logicprog.metta	IN		AGREE	1	1
logicprogset.metta	IN		DIFF	1	0
matchnested.metta	OUT	add-atom	DIFF	1	1
matchnested2.metta	OUT	add-atom	DIFF	1	1
matchsingle.metta	IN		DIFF	2	2
matchtypes.metta	IN		DIFF	6	20
matespace.metta	OUT	add-atom	LEATTA-TIMEOUT	1	
matespace2.metta	OUT	add-atom	DIFF	1	1
matespacefast.metta	OUT	add-atom	LEATTA-TIMEOUT	1	
math.metta	IN		DIFF	19	19
meta_types.metta	IN		DIFF	6	6
metta4_prog.metta	OUT	add-atom	DIFF	3	3
metta4_streams.metta	OUT	add-atom	DIFF	5	5
mettaset.metta	OUT	add-atom	DIFF	9	55
multicall.metta	IN		AGREE	1	1
multiset_operations.metta	IN		AGREE	4	4
mutex_and_transaction.metta	OUT	add-atom	DIFF	8	8
myinterpreter.metta	IN		DIFF	4	0
nars_direct.metta	OUT	import!	DIFF	7	6
nars_tuffy.metta	OUT	import!	DIFF	1	2
nestedcons.metta	IN		DIFF	1	0
nilbc.metta	OUT	repr	DIFF	25	28
once.metta	OUT	add-atom	DIFF	2	3
parametric_types.metta	IN		DIFF	1	3
parse.metta	IN		DIFF	5	5
partialdef.metta	IN		DIFF	2	2
patrick_iterate_fib.metta	OUT	import!	DIFF	2	2
patrick_iterate_quad.metta	OUT	import!	DIFF	2	2
patrick_test.metta	OUT	import!	DIFF	4	3
peano.metta	OUT	add-atom	LEATTA-TIMEOUT	1	
peanofast.metta	OUT	add-atom	LEATTA-TIMEOUT	2	
permutations.metta	OUT	match &	LEATTA-TIMEOUT	1	
pln_direct.metta	OUT	import!	DIFF	7	6
pln_roman.metta	OUT	import!	DIFF	1	2
pln_tuffy.metta	OUT	import!	DIFF	1	2
plntest.metta	IN		DIFF	1	0
plntestdirect.metta	IN		LEATTA-TIMEOUT	1	
prologimport.metta	OUT	import_prolog	DIFF	17	17
python.metta	OUT	py-call	DIFF	1	1
python_import.metta	OUT	import!	DIFF	2	3
recursive_types.metta	IN		DIFF	4	4
recursive_types2.metta	IN		DIFF	2	2
repl.metta	OUT	add-atom	PETTA-TIMEOUT		
repr.metta	OUT	repr	DIFF	6	6
roman_test.metta	OUT	import!	DIFF	20	27
scale.metta	OUT	add-atom	DIFF	1	1
selfprog.metta	OUT	remove-atom	DIFF	4	4
smartdispatch.metta	IN		AGREE	1	1
spacefunction.metta	OUT	add-atom	DIFF	8	8
spaces.metta	OUT	add-atom	AGREE	1	1
spaces2.metta	OUT	match &	DIFF	3	3
spaces3.metta	OUT	add-atom	DIFF	7	7
spaces_find.metta	OUT	import!	DIFF	1	2
spaces_removeallatoms.metta	OUT	import!	DIFF	5	5
spaces_succeedspredicate.metta	OUT	import!	DIFF	3	2
specialize.metta	IN		DIFF	12	3
specializecyclic.metta	IN		DIFF	4	2
specializefunctiontypes.metta	OUT	repr	DIFF	3	1
state.metta	OUT	bind!	DIFF	4	4
streamops.metta	IN		AGREE	4	4
string.metta	IN		AGREE	1	1
supercollapse.metta	IN		DIFF	1	1
superpose_nested.metta	IN		DIFF	1	1
superpose_primes.metta	IN		AGREE	1	1
tabling_fib.metta	OUT	import!	DIFF	3	3
test_alpha_unique_atom.metta	IN		DIFF	13	13
test_backward_v01.metta	OUT	match &	DIFF	3	6
test_backward_v02.metta	OUT	match &	DIFF	2	2
test_backward_v03.metta	OUT	match &	DIFF	5	5
test_backward_v04.metta	OUT	import!	DIFF	5	5
test_backward_v05.metta	OUT	import!	DIFF	5	5
test_backward_v06.metta	OUT	import!	DIFF	7	7
test_backward_v06_fixed.metta	OUT	import!	DIFF	7	7
test_backward_v07.metta	OUT	import!	DIFF	5	5
test_backward_v08.metta	OUT	import!	DIFF	5	5
test_backward_v09.metta	OUT	import!	DIFF	10	10
test_collapse.metta	OUT	import!	DIFF	5	5
test_deduce_raw.metta	OUT	import!	DIFF	3	3
test_evidence_kind.metta	OUT	import!	DIFF	5	6
test_evidence_kind_import.metta	OUT	import!	DIFF	6	6
test_evidence_kind_inline.metta	IN		AGREE	5	5
test_let_match.metta	OUT	import!	DIFF	3	3
test_match_3arg.metta	OUT	match &	DIFF	3	3
test_match_simple.metta	OUT	import!	DIFF	5	5
test_match_simple2.metta	OUT	match &	AGREE	1	1
test_nal_import.metta	OUT	import!	DIFF	5	5
test_nal_test_primitive.metta	OUT	import!	DIFF	9	9
test_nal_v032.metta	OUT	import!	DIFF	7	7
test_nal_v033.metta	OUT	import!	DIFF	5	5
test_nal_v034.metta	OUT	import!	DIFF	7	7
test_protocosmoMain.metta	OUT	import!	DIFF	2	3
test_string_comments.metta	IN		DIFF	11	11
test_stv_match.metta	OUT	match &	DIFF	2	2
test_ulc_accessors.metta	OUT	import!	DIFF	3	3
test_unify_eval_branches.metta	OUT	import!	DIFF	6	6
tests.metta	IN		AGREE	1	1
tilepuzzle.metta	OUT	import!	LEATTA-TIMEOUT	1	
torch.metta	OUT	py-call	DIFF	1	1
translatepredicate.metta	OUT	translatePredicate	DIFF	1	1
translatorrule.metta	IN		DIFF	5	5
translatorrule_fib.metta	IN		DIFF	2	2
translatorrule_for.metta	IN		DIFF	2	2
twostage.metta	IN		AGREE	2	2
types.metta	IN		DIFF	13	13
types_dependent.metta	IN		DIFF	2	2
types_nondet.metta	IN		DIFF	3	4
xor.metta	IN		AGREE	2	2
and_or.metta	IN		AGREE	1	1
atomops.metta	IN		DIFF-COUNT	9	10
booleansolver.metta	IN		DIFF-COUNT	2	0
builin_types.metta	OUT	import!	DIFF-COUNT	36	37
callquoteevalreduce.metta	OUT	add-atom	DIFF-COUNT	4	3
callquoteevalreduce2.metta	IN		DIFF-VAL	4	4
case.metta	IN		AGREE	1	1
case2.metta	IN		AGREE	1	1
caseconstrain.metta	IN		DIFF-COUNT	1	0
caseempty.metta	IN		AGREE	2	2
casenew.metta	IN		DIFF-COUNT	1	0
chain.metta	IN		AGREE	2	2
collapse.metta	IN		AGREE	1	1
comments.metta	IN		AGREE	1	1
constanthead.metta	IN		AGREE	1	1
curry.metta	OUT	repr	DIFF-VAL	6	6
cut.metta	OUT	add-atom	DIFF-COUNT	2	3
empty.metta	IN		AGREE	1	1
eval.metta	OUT	match &	DIFF-VAL	2	2
factorial.metta	IN		AGREE	1	1
fib.metta	IN		AGREE	1	1
fibadd.metta	OUT	add-atom	DIFF-COUNT	2	1
fibsmart.metta	IN		AGREE	1	1
fibsmartimport.metta	OUT	import!	DIFF-COUNT	1	2
foldall.metta	IN		DIFF-COUNT	10	20
foldallmatch.metta	OUT	match &	DIFF-COUNT	2	4
foldallspacecount.metta	OUT	match &	DIFF-COUNT	1	3
forall.metta	IN		DIFF-COUNT	12	21
functionhead.metta	IN		DIFF-COUNT	2	0
functionhead2.metta	IN		DIFF-VAL	1	1
functionhead3.metta	IN		DIFF-VAL	6	6
functionremoval.metta	OUT	remove-atom	DIFF-COUNT	8	15
functionremovalspec.metta	OUT	remove-atom	DIFF-COUNT	6	12
functiontypes.metta	IN		DIFF-VAL	4	4
git_import.metta	OUT	import!	DIFF-VAL	4	4
git_import2.metta	OUT	git-import	DIFF-COUNT	11	12
greedy_chess.metta	OUT	repr	PETTA-TIMEOUT		
he_assert.metta	OUT	import!	DIFF-COUNT	5	6
he_atomspace.metta	OUT	import!	DIFF-COUNT	7	9
he_equalreduct.metta	OUT	import!	DIFF-COUNT	4	6
he_error.metta	OUT	import!	DIFF-COUNT	5	6
he_evaluation.metta	OUT	import!	DIFF-COUNT	4	5
he_math.metta	IN		DIFF-VAL	19	19
he_minimalmetta.metta	OUT	import!	PETTA-TIMEOUT		
he_quoting.metta	OUT	import!	DIFF-COUNT	6	5
he_types.metta	OUT	import!	DIFF-COUNT	7	8
holbenchmark.metta	IN		LEATTA-TIMEOUT	4	
holfunctions.metta	IN		DIFF-VAL	7	7
holfunctions_intrinsicop.metta	IN		DIFF-COUNT	1	0
hyperpose_primes.metta	IN		DIFF-COUNT	3	6
identity.metta	IN		AGREE	1	1
if.metta	IN		AGREE	1	1
if2.metta	IN		AGREE	1	1
if3.metta	IN		AGREE	1	1
if4.metta	IN		AGREE	1	1
ifcasenondet.metta	IN		AGREE	2	2
ifsimple.metta	IN		AGREE	1	1
invertfunction.metta	IN		DIFF-VAL	3	3
invertpeanoplus.metta	IN		DIFF-VAL	5	5
is_alpha_member_test.metta	IN		DIFF-COUNT	25	23
iter.metta	IN		AGREE	1	1
lambda.metta	IN		DIFF-VAL	7	7
let_superpose_if_case.metta	IN		AGREE	1	1
letext.metta	IN		AGREE	1	1
letlet.metta	IN		AGREE	1	1
letstar.metta	IN		AGREE	1	1
library.metta	OUT	import!	DIFF-VAL	2	2
listhead.metta	IN		DIFF-COUNT	3	2
llm_cities.metta	OUT	import!	DIFF-COUNT	3	4
logicprog.metta	IN		AGREE	1	1
logicprogset.metta	IN		DIFF-COUNT	1	0
matchnested.metta	OUT	add-atom	DIFF-VAL	1	1
matchnested2.metta	OUT	add-atom	DIFF-VAL	1	1
matchsingle.metta	IN		DIFF-VAL	2	2
matchtypes.metta	IN		DIFF-COUNT	6	20
matespace.metta	OUT	add-atom	LEATTA-TIMEOUT	1	
matespace2.metta	OUT	add-atom	DIFF-VAL	1	1
matespacefast.metta	OUT	add-atom	LEATTA-TIMEOUT	1	
math.metta	IN		DIFF-VAL	19	19
meta_types.metta	IN		DIFF-VAL	6	6
metta4_prog.metta	OUT	add-atom	DIFF-VAL	3	3
metta4_streams.metta	OUT	add-atom	DIFF-VAL	5	5
mettaset.metta	OUT	add-atom	DIFF-COUNT	9	55
multicall.metta	IN		AGREE	1	1
multiset_operations.metta	IN		AGREE	4	4
mutex_and_transaction.metta	OUT	add-atom	DIFF-VAL	8	8
myinterpreter.metta	IN		DIFF-COUNT	4	0
nars_direct.metta	OUT	import!	DIFF-COUNT	7	6
nars_tuffy.metta	OUT	import!	DIFF-COUNT	1	2
nestedcons.metta	IN		DIFF-COUNT	1	0
nilbc.metta	OUT	repr	DIFF-COUNT	25	28
once.metta	OUT	add-atom	DIFF-COUNT	2	3
parametric_types.metta	IN		DIFF-COUNT	1	3
parse.metta	IN		DIFF-VAL	5	5
partialdef.metta	IN		DIFF-VAL	2	2
patrick_iterate_fib.metta	OUT	import!	DIFF-VAL	2	2
patrick_iterate_quad.metta	OUT	import!	DIFF-VAL	2	2
patrick_test.metta	OUT	import!	DIFF-COUNT	4	3
peano.metta	OUT	add-atom	LEATTA-TIMEOUT	1	
peanofast.metta	OUT	add-atom	LEATTA-TIMEOUT	2	
permutations.metta	OUT	match &	LEATTA-TIMEOUT	1	
pln_direct.metta	OUT	import!	DIFF-COUNT	7	6
pln_roman.metta	OUT	import!	DIFF-COUNT	1	2
pln_tuffy.metta	OUT	import!	DIFF-COUNT	1	2
plntest.metta	IN		AGREE	1	1
plntestdirect.metta	IN		LEATTA-TIMEOUT	1	
prologimport.metta	OUT	import_prolog	DIFF-VAL	17	17
python.metta	OUT	py-call	DIFF-VAL	1	1
python_import.metta	OUT	import!	DIFF-COUNT	2	3
recursive_types.metta	IN		DIFF-VAL	4	4
recursive_types2.metta	IN		AGREE	2	2
repl.metta	OUT	add-atom	PETTA-TIMEOUT		
repr.metta	OUT	repr	DIFF-VAL	6	6
roman_test.metta	OUT	import!	DIFF-COUNT	20	27
scale.metta	OUT	add-atom	DIFF-VAL	1	1
selfprog.metta	OUT	remove-atom	DIFF-VAL	4	4
smartdispatch.metta	IN		AGREE	1	1
spacefunction.metta	OUT	add-atom	DIFF-VAL	8	8
spaces.metta	OUT	add-atom	AGREE	1	1
spaces2.metta	OUT	match &	DIFF-VAL	3	3
spaces3.metta	OUT	add-atom	DIFF-VAL	7	7
spaces_find.metta	OUT	import!	DIFF-COUNT	1	2
spaces_removeallatoms.metta	OUT	import!	DIFF-VAL	5	5
spaces_succeedspredicate.metta	OUT	import!	DIFF-COUNT	3	2
specialize.metta	IN		DIFF-COUNT	12	4
specializecyclic.metta	IN		DIFF-COUNT	4	2
specializefunctiontypes.metta	OUT	repr	DIFF-COUNT	3	1
state.metta	OUT	bind!	DIFF-VAL	4	4
streamops.metta	IN		AGREE	4	4
string.metta	IN		AGREE	1	1
supercollapse.metta	IN		DIFF-VAL	1	1
superpose_nested.metta	IN		DIFF-VAL	1	1
superpose_primes.metta	IN		AGREE	1	1
tabling_fib.metta	OUT	import!	DIFF-VAL	3	3
test_alpha_unique_atom.metta	IN		DIFF-VAL	13	13
test_backward_v01.metta	OUT	match &	DIFF-COUNT	3	6
test_backward_v02.metta	OUT	match &	DIFF-VAL	2	2
test_backward_v03.metta	OUT	match &	DIFF-VAL	5	5
test_backward_v04.metta	OUT	import!	DIFF-VAL	5	5
test_backward_v05.metta	OUT	import!	DIFF-VAL	5	5
test_backward_v06.metta	OUT	import!	DIFF-VAL	7	7
test_backward_v06_fixed.metta	OUT	import!	DIFF-VAL	7	7
test_backward_v07.metta	OUT	import!	DIFF-VAL	5	5
test_backward_v08.metta	OUT	import!	DIFF-VAL	5	5
test_backward_v09.metta	OUT	import!	DIFF-VAL	10	10
test_collapse.metta	OUT	import!	DIFF-VAL	5	5
test_deduce_raw.metta	OUT	import!	DIFF-VAL	3	3
test_evidence_kind.metta	OUT	import!	DIFF-COUNT	5	6
test_evidence_kind_import.metta	OUT	import!	DIFF-VAL	6	6
test_evidence_kind_inline.metta	IN		AGREE	5	5
test_let_match.metta	OUT	import!	DIFF-VAL	3	3
test_match_3arg.metta	OUT	match &	DIFF-VAL	3	3
test_match_simple.metta	OUT	import!	DIFF-VAL	5	5
test_match_simple2.metta	OUT	match &	AGREE	1	1
test_nal_import.metta	OUT	import!	DIFF-VAL	5	5
test_nal_test_primitive.metta	OUT	import!	DIFF-VAL	9	9
test_nal_v032.metta	OUT	import!	DIFF-VAL	7	7
test_nal_v033.metta	OUT	import!	DIFF-VAL	5	5
test_nal_v034.metta	OUT	import!	DIFF-VAL	7	7
test_protocosmoMain.metta	OUT	import!	DIFF-COUNT	2	3
test_string_comments.metta	IN		DIFF-VAL	11	11
test_stv_match.metta	OUT	match &	DIFF-VAL	2	2
test_ulc_accessors.metta	OUT	import!	DIFF-VAL	3	3
test_unify_eval_branches.metta	OUT	import!	DIFF-VAL	6	6
tests.metta	IN		AGREE	1	1
tilepuzzle.metta	OUT	import!	LEATTA-TIMEOUT	1	
torch.metta	OUT	py-call	DIFF-VAL	1	1
translatepredicate.metta	OUT	translatePredicate	DIFF-VAL	1	1
translatorrule.metta	IN		DIFF-VAL	5	5
translatorrule_fib.metta	IN		DIFF-VAL	2	2
translatorrule_for.metta	IN		DIFF-VAL	2	2
twostage.metta	IN		AGREE	2	2
types.metta	IN		DIFF-VAL	13	13
types_dependent.metta	IN		DIFF-VAL	2	2
types_nondet.metta	IN		DIFF-COUNT	3	4
xor.metta	IN		AGREE	2	2
and_or.metta	IN		AGREE	1	1
atomops.metta	IN		DIFF-COUNT	9	10
booleansolver.metta	IN		DIFF-COUNT	2	0
builin_types.metta	OUT	import!	DIFF-COUNT	36	37
callquoteevalreduce.metta	OUT	add-atom	DIFF-COUNT	4	3
callquoteevalreduce2.metta	IN		DIFF-VAL	4	4
case.metta	IN		AGREE	1	1
case2.metta	IN		AGREE	1	1
caseconstrain.metta	IN		DIFF-COUNT	1	0
caseempty.metta	IN		AGREE	2	2
casenew.metta	IN		DIFF-COUNT	1	0
chain.metta	IN		AGREE	2	2
collapse.metta	IN		AGREE	1	1
comments.metta	IN		AGREE	1	1
constanthead.metta	IN		AGREE	1	1
curry.metta	OUT	repr	DIFF-VAL	6	6
cut.metta	OUT	add-atom	DIFF-COUNT	2	3
empty.metta	IN		AGREE	1	1
eval.metta	OUT	match &	DIFF-VAL	2	2
factorial.metta	IN		AGREE	1	1
fib.metta	IN		AGREE	1	1
fibadd.metta	OUT	add-atom	DIFF-COUNT	2	1
fibsmart.metta	IN		AGREE	1	1
fibsmartimport.metta	OUT	import!	DIFF-COUNT	1	2
foldall.metta	IN		DIFF-COUNT	10	20
foldallmatch.metta	OUT	match &	DIFF-COUNT	2	4
foldallspacecount.metta	OUT	match &	DIFF-COUNT	1	3
forall.metta	IN		DIFF-COUNT	12	21
functionhead.metta	IN		DIFF-COUNT	2	0
functionhead2.metta	IN		DIFF-VAL	1	1
functionhead3.metta	IN		DIFF-VAL	6	6
functionremoval.metta	OUT	remove-atom	DIFF-COUNT	8	15
functionremovalspec.metta	OUT	remove-atom	DIFF-COUNT	6	12
functiontypes.metta	IN		DIFF-VAL	4	4
git_import.metta	OUT	import!	DIFF-VAL	4	4
git_import2.metta	OUT	git-import	DIFF-COUNT	11	12
greedy_chess.metta	OUT	repr	PETTA-TIMEOUT		
he_assert.metta	OUT	import!	DIFF-COUNT	5	6
he_atomspace.metta	OUT	import!	DIFF-COUNT	7	9
he_equalreduct.metta	OUT	import!	DIFF-COUNT	4	6
he_error.metta	OUT	import!	DIFF-COUNT	5	6
he_evaluation.metta	OUT	import!	DIFF-COUNT	4	5
he_math.metta	IN		DIFF-VAL	19	19
he_minimalmetta.metta	OUT	import!	PETTA-TIMEOUT		
he_quoting.metta	OUT	import!	DIFF-COUNT	6	5
he_types.metta	OUT	import!	DIFF-COUNT	7	8
holbenchmark.metta	IN		LEATTA-TIMEOUT	4	
holfunctions.metta	IN		DIFF-VAL	7	7
holfunctions_intrinsicop.metta	IN		DIFF-COUNT	1	0
hyperpose_primes.metta	IN		DIFF-COUNT	3	6
identity.metta	IN		AGREE	1	1
if.metta	IN		AGREE	1	1
if2.metta	IN		AGREE	1	1
if3.metta	IN		AGREE	1	1
if4.metta	IN		AGREE	1	1
ifcasenondet.metta	IN		AGREE	2	2
ifsimple.metta	IN		AGREE	1	1
invertfunction.metta	IN		DIFF-VAL	3	3
invertpeanoplus.metta	IN		DIFF-VAL	5	5
is_alpha_member_test.metta	IN		DIFF-COUNT	25	23
iter.metta	IN		AGREE	1	1
lambda.metta	IN		DIFF-VAL	7	7
let_superpose_if_case.metta	IN		AGREE	1	1
letext.metta	IN		AGREE	1	1
letlet.metta	IN		AGREE	1	1
letstar.metta	IN		AGREE	1	1
library.metta	OUT	import!	DIFF-VAL	2	2
listhead.metta	IN		DIFF-COUNT	3	2
llm_cities.metta	OUT	import!	DIFF-COUNT	3	4
logicprog.metta	IN		AGREE	1	1
logicprogset.metta	IN		DIFF-COUNT	1	0
matchnested.metta	OUT	add-atom	DIFF-VAL	1	1
matchnested2.metta	OUT	add-atom	DIFF-VAL	1	1
matchsingle.metta	IN		DIFF-VAL	2	2
matchtypes.metta	IN		DIFF-COUNT	6	20
matespace.metta	OUT	add-atom	LEATTA-TIMEOUT	1	
matespace2.metta	OUT	add-atom	DIFF-VAL	1	1
matespacefast.metta	OUT	add-atom	LEATTA-TIMEOUT	1	
math.metta	IN		DIFF-VAL	19	19
meta_types.metta	IN		DIFF-VAL	6	6
metta4_prog.metta	OUT	add-atom	DIFF-VAL	3	3
metta4_streams.metta	OUT	add-atom	DIFF-VAL	5	5
mettaset.metta	OUT	add-atom	DIFF-COUNT	9	55
multicall.metta	IN		AGREE	1	1
multiset_operations.metta	IN		AGREE	4	4
mutex_and_transaction.metta	OUT	add-atom	DIFF-VAL	8	8
myinterpreter.metta	IN		DIFF-COUNT	4	0
nars_direct.metta	OUT	import!	DIFF-COUNT	7	6
nars_tuffy.metta	OUT	import!	DIFF-COUNT	1	2
nestedcons.metta	IN		DIFF-COUNT	1	0
nilbc.metta	OUT	repr	DIFF-COUNT	25	28
once.metta	OUT	add-atom	DIFF-COUNT	2	3
parametric_types.metta	IN		DIFF-COUNT	1	3
parse.metta	IN		DIFF-VAL	5	5
partialdef.metta	IN		DIFF-VAL	2	2
patrick_iterate_fib.metta	OUT	import!	DIFF-VAL	2	2
patrick_iterate_quad.metta	OUT	import!	DIFF-VAL	2	2
patrick_test.metta	OUT	import!	DIFF-COUNT	4	3
peano.metta	OUT	add-atom	LEATTA-TIMEOUT	1	
peanofast.metta	OUT	add-atom	LEATTA-TIMEOUT	2	
permutations.metta	OUT	match &	LEATTA-TIMEOUT	1	
pln_direct.metta	OUT	import!	DIFF-COUNT	7	6
pln_roman.metta	OUT	import!	DIFF-COUNT	1	2
pln_tuffy.metta	OUT	import!	DIFF-COUNT	1	2
plntest.metta	IN		AGREE	1	1
plntestdirect.metta	IN		LEATTA-TIMEOUT	1	
prologimport.metta	OUT	import_prolog	DIFF-VAL	17	17
python.metta	OUT	py-call	DIFF-VAL	1	1
python_import.metta	OUT	import!	DIFF-COUNT	2	3
recursive_types.metta	IN		DIFF-VAL	4	4
recursive_types2.metta	IN		AGREE	2	2
repl.metta	OUT	add-atom	PETTA-TIMEOUT		
repr.metta	OUT	repr	DIFF-VAL	6	6
roman_test.metta	OUT	import!	DIFF-COUNT	20	27
scale.metta	OUT	add-atom	DIFF-VAL	1	1
selfprog.metta	OUT	remove-atom	DIFF-VAL	4	4
smartdispatch.metta	IN		AGREE	1	1
spacefunction.metta	OUT	add-atom	DIFF-VAL	8	8
spaces.metta	OUT	add-atom	AGREE	1	1
spaces2.metta	OUT	match &	DIFF-VAL	3	3
spaces3.metta	OUT	add-atom	DIFF-VAL	7	7
spaces_find.metta	OUT	import!	DIFF-COUNT	1	2
spaces_removeallatoms.metta	OUT	import!	DIFF-VAL	5	5
spaces_succeedspredicate.metta	OUT	import!	DIFF-COUNT	3	2
specialize.metta	IN		DIFF-COUNT	12	4
specializecyclic.metta	IN		DIFF-COUNT	4	2
specializefunctiontypes.metta	OUT	repr	DIFF-COUNT	3	1
state.metta	OUT	bind!	DIFF-VAL	4	4
streamops.metta	IN		AGREE	4	4
string.metta	IN		AGREE	1	1
supercollapse.metta	IN		DIFF-VAL	1	1
superpose_nested.metta	IN		DIFF-VAL	1	1
superpose_primes.metta	IN		AGREE	1	1
tabling_fib.metta	OUT	import!	DIFF-VAL	3	3
test_alpha_unique_atom.metta	IN		DIFF-VAL	13	13
test_backward_v01.metta	OUT	match &	DIFF-COUNT	3	6
test_backward_v02.metta	OUT	match &	DIFF-VAL	2	2
test_backward_v03.metta	OUT	match &	DIFF-VAL	5	5
test_backward_v04.metta	OUT	import!	DIFF-VAL	5	5
test_backward_v05.metta	OUT	import!	DIFF-VAL	5	5
test_backward_v06.metta	OUT	import!	DIFF-VAL	7	7
test_backward_v06_fixed.metta	OUT	import!	DIFF-VAL	7	7
test_backward_v07.metta	OUT	import!	DIFF-VAL	5	5
test_backward_v08.metta	OUT	import!	DIFF-VAL	5	5
test_backward_v09.metta	OUT	import!	DIFF-VAL	10	10
test_collapse.metta	OUT	import!	DIFF-VAL	5	5
test_deduce_raw.metta	OUT	import!	DIFF-VAL	3	3
test_evidence_kind.metta	OUT	import!	DIFF-COUNT	5	6
test_evidence_kind_import.metta	OUT	import!	DIFF-VAL	6	6
test_evidence_kind_inline.metta	IN		AGREE	5	5
test_let_match.metta	OUT	import!	DIFF-VAL	3	3
test_match_3arg.metta	OUT	match &	DIFF-VAL	3	3
test_match_simple.metta	OUT	import!	DIFF-VAL	5	5
test_match_simple2.metta	OUT	match &	AGREE	1	1
test_nal_import.metta	OUT	import!	DIFF-VAL	5	5
test_nal_test_primitive.metta	OUT	import!	DIFF-VAL	9	9
test_nal_v032.metta	OUT	import!	DIFF-VAL	7	7
test_nal_v033.metta	OUT	import!	DIFF-VAL	5	5
test_nal_v034.metta	OUT	import!	DIFF-VAL	7	7
test_protocosmoMain.metta	OUT	import!	DIFF-COUNT	2	3
test_string_comments.metta	IN		DIFF-VAL	11	11
test_stv_match.metta	OUT	match &	DIFF-VAL	2	2
test_ulc_accessors.metta	OUT	import!	DIFF-VAL	3	3
test_unify_eval_branches.metta	OUT	import!	DIFF-VAL	6	6
tests.metta	IN		AGREE	1	1
tilepuzzle.metta	OUT	import!	LEATTA-TIMEOUT	1	
torch.metta	OUT	py-call	DIFF-VAL	1	1
translatepredicate.metta	OUT	translatePredicate	DIFF-VAL	1	1
translatorrule.metta	IN		DIFF-VAL	5	5
translatorrule_fib.metta	IN		DIFF-VAL	2	2
translatorrule_for.metta	IN		DIFF-VAL	2	2
twostage.metta	IN		AGREE	2	2
types.metta	IN		DIFF-VAL	13	13
types_dependent.metta	IN		DIFF-VAL	2	2
types_nondet.metta	IN		DIFF-COUNT	3	4
xor.metta	IN		AGREE	2	2
and_or.metta	IN		AGREE	1	1
atomops.metta	IN		DIFF-COUNT	9	10
booleansolver.metta	IN		DIFF-COUNT	2	0
builin_types.metta	OUT	import!	DIFF-COUNT	36	37
callquoteevalreduce.metta	OUT	add-atom	DIFF-COUNT	4	3
callquoteevalreduce2.metta	IN		DIFF-VAL	4	4
case.metta	IN		AGREE	1	1
case2.metta	IN		AGREE	1	1
caseconstrain.metta	IN		DIFF-COUNT	1	0
caseempty.metta	IN		AGREE	2	2
casenew.metta	IN		DIFF-COUNT	1	0
chain.metta	IN		AGREE	2	2
collapse.metta	IN		AGREE	1	1
comments.metta	IN		AGREE	1	1
constanthead.metta	IN		AGREE	1	1
curry.metta	OUT	repr	DIFF-VAL	6	6
cut.metta	OUT	add-atom	DIFF-COUNT	2	3
empty.metta	IN		AGREE	1	1
eval.metta	OUT	match &	DIFF-VAL	2	2
factorial.metta	IN		AGREE	1	1
fib.metta	IN		AGREE	1	1
fibadd.metta	OUT	add-atom	DIFF-COUNT	2	1
fibsmart.metta	IN		AGREE	1	1
fibsmartimport.metta	OUT	import!	DIFF-COUNT	1	2
foldall.metta	IN		DIFF-COUNT	10	20
foldallmatch.metta	OUT	match &	DIFF-COUNT	2	4
foldallspacecount.metta	OUT	match &	DIFF-COUNT	1	3
forall.metta	IN		DIFF-COUNT	12	21
functionhead.metta	IN		DIFF-COUNT	2	0
functionhead2.metta	IN		DIFF-VAL	1	1
functionhead3.metta	IN		DIFF-VAL	6	6
functionremoval.metta	OUT	remove-atom	DIFF-COUNT	8	15
functionremovalspec.metta	OUT	remove-atom	DIFF-COUNT	6	12
functiontypes.metta	IN		DIFF-VAL	4	4
git_import.metta	OUT	import!	DIFF-VAL	4	4
git_import2.metta	OUT	git-import	DIFF-COUNT	11	12
greedy_chess.metta	OUT	repr	PETTA-TIMEOUT		
he_assert.metta	OUT	import!	DIFF-COUNT	5	6
he_atomspace.metta	OUT	import!	DIFF-COUNT	7	9
he_equalreduct.metta	OUT	import!	DIFF-COUNT	4	6
he_error.metta	OUT	import!	DIFF-COUNT	5	6
he_evaluation.metta	OUT	import!	DIFF-COUNT	4	5
he_math.metta	IN		AGREE	19	19
he_minimalmetta.metta	OUT	import!	PETTA-TIMEOUT		
he_quoting.metta	OUT	import!	DIFF-COUNT	6	5
he_types.metta	OUT	import!	DIFF-COUNT	7	8
holbenchmark.metta	IN		LEATTA-TIMEOUT	4	
holfunctions.metta	IN		DIFF-VAL	7	7
holfunctions_intrinsicop.metta	IN		DIFF-COUNT	1	0
hyperpose_primes.metta	IN		DIFF-COUNT	3	6
identity.metta	IN		AGREE	1	1
if.metta	IN		AGREE	1	1
if2.metta	IN		AGREE	1	1
if3.metta	IN		AGREE	1	1
if4.metta	IN		AGREE	1	1
ifcasenondet.metta	IN		AGREE	2	2
ifsimple.metta	IN		AGREE	1	1
invertfunction.metta	IN		DIFF-VAL	3	3
invertpeanoplus.metta	IN		DIFF-VAL	5	5
is_alpha_member_test.metta	IN		DIFF-COUNT	25	23
iter.metta	IN		AGREE	1	1
lambda.metta	IN		DIFF-VAL	7	7
let_superpose_if_case.metta	IN		AGREE	1	1
letext.metta	IN		AGREE	1	1
letlet.metta	IN		AGREE	1	1
letstar.metta	IN		AGREE	1	1
library.metta	OUT	import!	DIFF-COUNT	2	1
listhead.metta	IN		DIFF-COUNT	3	2
llm_cities.metta	OUT	import!	DIFF-COUNT	3	4
logicprog.metta	IN		AGREE	1	1
logicprogset.metta	IN		DIFF-COUNT	1	0
matchnested.metta	OUT	add-atom	DIFF-VAL	1	1
matchnested2.metta	OUT	add-atom	DIFF-VAL	1	1
matchsingle.metta	IN		DIFF-VAL	2	2
matchtypes.metta	IN		DIFF-COUNT	6	20
matespace.metta	OUT	add-atom	LEATTA-TIMEOUT	1	
matespace2.metta	OUT	add-atom	DIFF-VAL	1	1
matespacefast.metta	OUT	add-atom	LEATTA-TIMEOUT	1	
math.metta	IN		AGREE	19	19
meta_types.metta	IN		DIFF-VAL	6	6
metta4_prog.metta	OUT	add-atom	DIFF-VAL	3	3
metta4_streams.metta	OUT	add-atom	DIFF-VAL	5	5
mettaset.metta	OUT	add-atom	DIFF-COUNT	9	55
multicall.metta	IN		AGREE	1	1
multiset_operations.metta	IN		AGREE	4	4
mutex_and_transaction.metta	OUT	add-atom	DIFF-VAL	8	8
myinterpreter.metta	IN		DIFF-COUNT	4	0
nars_direct.metta	OUT	import!	DIFF-COUNT	7	4
nars_tuffy.metta	OUT	import!	DIFF-COUNT	1	2
nestedcons.metta	IN		DIFF-COUNT	1	0
nilbc.metta	OUT	repr	DIFF-COUNT	25	28
once.metta	OUT	add-atom	DIFF-COUNT	2	3
parametric_types.metta	IN		DIFF-COUNT	1	3
parse.metta	IN		DIFF-VAL	5	5
partialdef.metta	IN		DIFF-VAL	2	2
patrick_iterate_fib.metta	OUT	import!	DIFF-VAL	2	2
patrick_iterate_quad.metta	OUT	import!	DIFF-VAL	2	2
patrick_test.metta	OUT	import!	DIFF-COUNT	4	3
peano.metta	OUT	add-atom	LEATTA-TIMEOUT	1	
peanofast.metta	OUT	add-atom	LEATTA-TIMEOUT	2	
permutations.metta	OUT	match &	LEATTA-TIMEOUT	1	
pln_direct.metta	OUT	import!	DIFF-COUNT	7	4
pln_roman.metta	OUT	import!	DIFF-COUNT	1	2
pln_tuffy.metta	OUT	import!	DIFF-COUNT	1	2
plntest.metta	IN		AGREE	1	1
plntestdirect.metta	IN		LEATTA-TIMEOUT	1	
prologimport.metta	OUT	import_prolog	DIFF-VAL	17	17
python.metta	OUT	py-call	DIFF-VAL	1	1
python_import.metta	OUT	import!	DIFF-COUNT	2	3
recursive_types.metta	IN		DIFF-VAL	4	4
recursive_types2.metta	IN		AGREE	2	2
repl.metta	OUT	add-atom	PETTA-TIMEOUT		
repr.metta	OUT	repr	DIFF-VAL	6	6
roman_test.metta	OUT	import!	DIFF-COUNT	20	27
scale.metta	OUT	add-atom	DIFF-VAL	1	1
selfprog.metta	OUT	remove-atom	DIFF-VAL	4	4
smartdispatch.metta	IN		AGREE	1	1
spacefunction.metta	OUT	add-atom	DIFF-VAL	8	8
spaces.metta	OUT	add-atom	AGREE	1	1
spaces2.metta	OUT	match &	DIFF-VAL	3	3
spaces3.metta	OUT	add-atom	DIFF-VAL	7	7
spaces_find.metta	OUT	import!	DIFF-COUNT	1	2
spaces_removeallatoms.metta	OUT	import!	LEATTA-TIMEOUT	5	
spaces_succeedspredicate.metta	OUT	import!	DIFF-COUNT	3	2
specialize.metta	IN		DIFF-COUNT	12	4
specializecyclic.metta	IN		DIFF-COUNT	4	2
specializefunctiontypes.metta	OUT	repr	DIFF-COUNT	3	1
state.metta	OUT	bind!	DIFF-VAL	4	4
streamops.metta	IN		AGREE	4	4
string.metta	IN		AGREE	1	1
supercollapse.metta	IN		DIFF-VAL	1	1
superpose_nested.metta	IN		DIFF-VAL	1	1
superpose_primes.metta	IN		AGREE	1	1
tabling_fib.metta	OUT	import!	DIFF-VAL	3	3
test_alpha_unique_atom.metta	IN		AGREE	13	13
test_backward_v01.metta	OUT	match &	DIFF-COUNT	3	6
test_backward_v02.metta	OUT	match &	DIFF-VAL	2	2
test_backward_v03.metta	OUT	match &	DIFF-VAL	5	5
test_backward_v04.metta	OUT	import!	DIFF-VAL	5	5
test_backward_v05.metta	OUT	import!	DIFF-VAL	5	5
test_backward_v06.metta	OUT	import!	DIFF-VAL	7	7
test_backward_v06_fixed.metta	OUT	import!	DIFF-VAL	7	7
test_backward_v07.metta	OUT	import!	DIFF-VAL	5	5
test_backward_v08.metta	OUT	import!	DIFF-VAL	5	5
test_backward_v09.metta	OUT	import!	DIFF-VAL	10	10
test_collapse.metta	OUT	import!	DIFF-VAL	5	5
test_deduce_raw.metta	OUT	import!	DIFF-VAL	3	3
test_evidence_kind.metta	OUT	import!	DIFF-COUNT	5	6
test_evidence_kind_import.metta	OUT	import!	DIFF-VAL	6	6
test_evidence_kind_inline.metta	IN		AGREE	5	5
test_let_match.metta	OUT	import!	DIFF-VAL	3	3
test_match_3arg.metta	OUT	match &	DIFF-VAL	3	3
test_match_simple.metta	OUT	import!	DIFF-VAL	5	5
test_match_simple2.metta	OUT	match &	AGREE	1	1
test_nal_import.metta	OUT	import!	DIFF-VAL	5	5
test_nal_test_primitive.metta	OUT	import!	DIFF-VAL	9	9
test_nal_v032.metta	OUT	import!	DIFF-VAL	7	7
test_nal_v033.metta	OUT	import!	DIFF-VAL	5	5
test_nal_v034.metta	OUT	import!	DIFF-VAL	7	7
test_protocosmoMain.metta	OUT	import!	DIFF-VAL	2	2
test_string_comments.metta	IN		DIFF-VAL	11	11
test_stv_match.metta	OUT	match &	DIFF-VAL	2	2
test_ulc_accessors.metta	OUT	import!	DIFF-VAL	3	3
test_unify_eval_branches.metta	OUT	import!	DIFF-VAL	6	6
tests.metta	IN		AGREE	1	1
tilepuzzle.metta	OUT	import!	LEATTA-TIMEOUT	1	
torch.metta	OUT	py-call	DIFF-VAL	1	1
translatepredicate.metta	OUT	translatePredicate	DIFF-VAL	1	1
translatorrule.metta	IN		DIFF-VAL	5	5
translatorrule_fib.metta	IN		DIFF-VAL	2	2
translatorrule_for.metta	IN		DIFF-VAL	2	2
twostage.metta	IN		AGREE	2	2
types.metta	IN		DIFF-VAL	13	13
types_dependent.metta	IN		DIFF-VAL	2	2
types_nondet.metta	IN		DIFF-COUNT	3	4
xor.metta	IN		AGREE	2	2
and_or.metta	IN		AGREE	1	1
atomops.metta	IN		DIFF-COUNT	9	10
booleansolver.metta	IN		DIFF-COUNT	2	0
builin_types.metta	IN		DIFF-COUNT	36	37
callquoteevalreduce.metta	OUT	add-atom	DIFF-COUNT	4	3
callquoteevalreduce2.metta	IN		DIFF-VAL	4	4
case.metta	IN		AGREE	1	1
case2.metta	IN		AGREE	1	1
caseconstrain.metta	IN		DIFF-COUNT	1	0
caseempty.metta	IN		AGREE	2	2
casenew.metta	IN		DIFF-COUNT	1	0
chain.metta	IN		AGREE	2	2
collapse.metta	IN		AGREE	1	1
comments.metta	IN		AGREE	1	1
constanthead.metta	IN		AGREE	1	1
curry.metta	IN		DIFF-VAL	6	6
cut.metta	OUT	add-atom	DIFF-COUNT	2	3
empty.metta	IN		AGREE	1	1
eval.metta	OUT	match &	DIFF-VAL	2	2
factorial.metta	IN		AGREE	1	1
fib.metta	IN		AGREE	1	1
fibadd.metta	OUT	add-atom	DIFF-COUNT	2	1
fibsmart.metta	IN		AGREE	1	1
fibsmartimport.metta	IN		DIFF-COUNT	1	2
foldall.metta	IN		DIFF-COUNT	10	20
foldallmatch.metta	OUT	match &	DIFF-COUNT	2	4
foldallspacecount.metta	OUT	match &	DIFF-COUNT	1	3
forall.metta	IN		DIFF-COUNT	12	21
functionhead.metta	IN		DIFF-COUNT	2	0
functionhead2.metta	IN		DIFF-VAL	1	1
functionhead3.metta	IN		DIFF-VAL	6	6
functionremoval.metta	OUT	remove-atom	DIFF-COUNT	8	15
functionremovalspec.metta	OUT	remove-atom	DIFF-COUNT	6	12
functiontypes.metta	IN		DIFF-VAL	4	4
git_import.metta	OUT	git-import	DIFF-VAL	4	4
git_import2.metta	OUT	git-import	DIFF-COUNT	11	12
greedy_chess.metta	OUT	add-atom	PETTA-TIMEOUT		
he_assert.metta	OUT	assertEqual	DIFF-COUNT	5	6
he_atomspace.metta	OUT	add-atom	DIFF-COUNT	7	9
he_equalreduct.metta	IN		DIFF-COUNT	4	6
he_error.metta	IN		DIFF-COUNT	5	6
he_evaluation.metta	IN		DIFF-COUNT	4	5
he_math.metta	IN		AGREE	19	19
he_minimalmetta.metta	IN		PETTA-TIMEOUT		
he_quoting.metta	IN		DIFF-COUNT	6	5
he_types.metta	IN		DIFF-COUNT	7	8
holbenchmark.metta	IN		LEATTA-TIMEOUT	4	
holfunctions.metta	IN		DIFF-VAL	7	7
holfunctions_intrinsicop.metta	IN		DIFF-COUNT	1	0
hyperpose_primes.metta	IN		DIFF-COUNT	3	6
identity.metta	IN		AGREE	1	1
if.metta	IN		AGREE	1	1
if2.metta	IN		AGREE	1	1
if3.metta	IN		AGREE	1	1
if4.metta	IN		AGREE	1	1
ifcasenondet.metta	IN		AGREE	2	2
ifsimple.metta	IN		AGREE	1	1
invertfunction.metta	IN		DIFF-VAL	3	3
invertpeanoplus.metta	IN		DIFF-VAL	5	5
is_alpha_member_test.metta	IN		DIFF-COUNT	25	23
iter.metta	IN		AGREE	1	1
lambda.metta	IN		DIFF-VAL	7	7
let_superpose_if_case.metta	IN		AGREE	1	1
letext.metta	IN		AGREE	1	1
letlet.metta	IN		AGREE	1	1
letstar.metta	IN		AGREE	1	1
library.metta	IN		DIFF-COUNT	2	1
listhead.metta	IN		DIFF-COUNT	3	2
llm_cities.metta	OUT	sread	DIFF-COUNT	3	4
logicprog.metta	IN		AGREE	1	1
logicprogset.metta	IN		DIFF-COUNT	1	0
matchnested.metta	OUT	add-atom	DIFF-VAL	1	1
matchnested2.metta	OUT	add-atom	DIFF-VAL	1	1
matchsingle.metta	IN		DIFF-VAL	2	2
matchtypes.metta	IN		DIFF-COUNT	6	20
matespace.metta	OUT	add-atom	LEATTA-TIMEOUT	1	
matespace2.metta	OUT	add-atom	DIFF-VAL	1	1
matespacefast.metta	OUT	add-atom	LEATTA-TIMEOUT	1	
math.metta	IN		AGREE	19	19
meta_types.metta	IN		DIFF-VAL	6	6
metta4_prog.metta	OUT	add-atom	DIFF-VAL	3	3
metta4_streams.metta	OUT	add-atom	DIFF-VAL	5	5
mettaset.metta	OUT	add-atom	DIFF-COUNT	9	55
multicall.metta	IN		AGREE	1	1
multiset_operations.metta	IN		AGREE	4	4
mutex_and_transaction.metta	OUT	add-atom	DIFF-VAL	8	8
myinterpreter.metta	IN		DIFF-COUNT	4	0
nars_direct.metta	OUT	add-atom	DIFF-COUNT	7	4
nars_tuffy.metta	IN		DIFF-COUNT	1	2
nestedcons.metta	IN		DIFF-COUNT	1	0
nilbc.metta	OUT	bind!	DIFF-COUNT	25	28
once.metta	OUT	add-atom	DIFF-COUNT	2	3
parametric_types.metta	IN		DIFF-COUNT	1	3
parse.metta	IN		DIFF-VAL	5	5
partialdef.metta	IN		DIFF-VAL	2	2
patrick_iterate_fib.metta	IN		DIFF-VAL	2	2
patrick_iterate_quad.metta	IN		DIFF-VAL	2	2
patrick_test.metta	IN		DIFF-COUNT	4	3
peano.metta	OUT	add-atom	LEATTA-TIMEOUT	1	
peanofast.metta	OUT	add-atom	LEATTA-TIMEOUT	2	
permutations.metta	OUT	match &	LEATTA-TIMEOUT	1	
pln_direct.metta	OUT	add-atom	DIFF-COUNT	7	4
pln_roman.metta	IN		DIFF-COUNT	1	2
pln_tuffy.metta	IN		DIFF-COUNT	1	2
plntest.metta	IN		AGREE	1	1
plntestdirect.metta	IN		LEATTA-TIMEOUT	1	
prologimport.metta	OUT	import_prolog	DIFF-VAL	17	17
python.metta	OUT	py-call	DIFF-VAL	1	1
python_import.metta	OUT	py-call	DIFF-COUNT	2	3
recursive_types.metta	IN		DIFF-VAL	4	4
recursive_types2.metta	IN		AGREE	2	2
repl.metta	OUT	add-atom	PETTA-TIMEOUT		
repr.metta	IN		DIFF-VAL	6	6
roman_test.metta	IN		DIFF-COUNT	20	27
scale.metta	OUT	add-atom	DIFF-VAL	1	1
selfprog.metta	OUT	remove-atom	DIFF-VAL	4	4
smartdispatch.metta	IN		AGREE	1	1
spacefunction.metta	OUT	add-atom	DIFF-VAL	8	8
spaces.metta	OUT	add-atom	AGREE	1	1
spaces2.metta	OUT	match &	DIFF-VAL	3	3
spaces3.metta	OUT	add-atom	DIFF-VAL	7	7
spaces_find.metta	IN		DIFF-COUNT	1	2
spaces_removeallatoms.metta	IN		LEATTA-TIMEOUT	5	
spaces_succeedspredicate.metta	IN		DIFF-COUNT	3	2
specialize.metta	IN		DIFF-COUNT	12	4
specializecyclic.metta	IN		DIFF-COUNT	4	2
specializefunctiontypes.metta	OUT	match &	DIFF-COUNT	3	1
state.metta	OUT	bind!	DIFF-VAL	4	4
streamops.metta	IN		AGREE	4	4
string.metta	IN		AGREE	1	1
supercollapse.metta	IN		DIFF-VAL	1	1
superpose_nested.metta	IN		DIFF-VAL	1	1
superpose_primes.metta	IN		AGREE	1	1
tabling_fib.metta	IN		DIFF-VAL	3	3
test_alpha_unique_atom.metta	IN		AGREE	13	13
test_backward_v01.metta	OUT	match &	DIFF-COUNT	3	6
test_backward_v02.metta	OUT	match &	DIFF-VAL	2	2
test_backward_v03.metta	OUT	match &	DIFF-VAL	5	5
test_backward_v04.metta	OUT	match &	DIFF-VAL	5	5
test_backward_v05.metta	OUT	match &	DIFF-VAL	5	5
test_backward_v06.metta	OUT	match &	DIFF-VAL	7	7
test_backward_v06_fixed.metta	OUT	match &	DIFF-VAL	7	7
test_backward_v07.metta	OUT	match &	DIFF-VAL	5	5
test_backward_v08.metta	OUT	match &	DIFF-VAL	5	5
test_backward_v09.metta	OUT	match &	DIFF-VAL	10	10
test_collapse.metta	OUT	match &	DIFF-VAL	5	5
test_deduce_raw.metta	OUT	match &	DIFF-VAL	3	3
test_evidence_kind.metta	IN		DIFF-COUNT	5	6
test_evidence_kind_import.metta	IN		DIFF-VAL	6	6
test_evidence_kind_inline.metta	IN		AGREE	5	5
test_let_match.metta	OUT	match &	DIFF-VAL	3	3
test_match_3arg.metta	OUT	match &	DIFF-VAL	3	3
test_match_simple.metta	OUT	match &	DIFF-VAL	5	5
test_match_simple2.metta	OUT	match &	AGREE	1	1
test_nal_import.metta	IN		DIFF-VAL	5	5
test_nal_test_primitive.metta	OUT	match &	DIFF-VAL	9	9
test_nal_v032.metta	IN		DIFF-VAL	7	7
test_nal_v033.metta	IN		DIFF-VAL	5	5
test_nal_v034.metta	IN		DIFF-VAL	7	7
test_protocosmoMain.metta	IN		DIFF-VAL	2	2
test_string_comments.metta	IN		DIFF-VAL	11	11
test_stv_match.metta	OUT	match &	DIFF-VAL	2	2
test_ulc_accessors.metta	IN		DIFF-VAL	3	3
test_unify_eval_branches.metta	IN		DIFF-VAL	6	6
tests.metta	IN		AGREE	1	1
tilepuzzle.metta	IN		LEATTA-TIMEOUT	1	
torch.metta	OUT	py-call	DIFF-VAL	1	1
translatepredicate.metta	OUT	translatePredicate	DIFF-VAL	1	1
translatorrule.metta	IN		DIFF-VAL	5	5
translatorrule_fib.metta	IN		DIFF-VAL	2	2
translatorrule_for.metta	IN		DIFF-VAL	2	2
twostage.metta	IN		AGREE	2	2
types.metta	IN		DIFF-VAL	13	13
types_dependent.metta	IN		DIFF-VAL	2	2
types_nondet.metta	IN		DIFF-COUNT	3	4
xor.metta	IN		AGREE	2	2
and_or.metta	IN		AGREE	1	1
atomops.metta	IN		DIFF-COUNT	9	10
booleansolver.metta	IN		DIFF-COUNT	2	0
builin_types.metta	IN		DIFF-COUNT	36	37
callquoteevalreduce.metta	OUT	add-atom	DIFF-COUNT	4	3
callquoteevalreduce2.metta	IN		DIFF-VAL	4	4
case.metta	IN		AGREE	1	1
case2.metta	IN		AGREE	1	1
caseconstrain.metta	IN		DIFF-COUNT	1	0
caseempty.metta	IN		AGREE	2	2
casenew.metta	IN		DIFF-COUNT	1	0
chain.metta	IN		AGREE	2	2
collapse.metta	IN		AGREE	1	1
comments.metta	IN		AGREE	1	1
constanthead.metta	IN		AGREE	1	1
curry.metta	IN		DIFF-VAL	6	6
cut.metta	OUT	add-atom	DIFF-COUNT	2	3
empty.metta	IN		AGREE	1	1
eval.metta	OUT	match &	DIFF-VAL	2	2
factorial.metta	IN		AGREE	1	1
fib.metta	IN		AGREE	1	1
fibadd.metta	OUT	add-atom	DIFF-COUNT	2	1
fibsmart.metta	IN		AGREE	1	1
fibsmartimport.metta	IN		DIFF-COUNT	1	2
foldall.metta	IN		DIFF-COUNT	10	20
foldallmatch.metta	OUT	match &	DIFF-COUNT	2	4
foldallspacecount.metta	OUT	match &	DIFF-COUNT	1	3
forall.metta	IN		DIFF-COUNT	12	21
functionhead.metta	IN		DIFF-COUNT	2	0
functionhead2.metta	IN		DIFF-VAL	1	1
functionhead3.metta	IN		DIFF-VAL	6	6
functionremoval.metta	OUT	remove-atom	DIFF-COUNT	8	15
functionremovalspec.metta	OUT	remove-atom	DIFF-COUNT	6	12
functiontypes.metta	IN		DIFF-VAL	4	4
git_import.metta	OUT	git-import	DIFF-VAL	4	4
git_import2.metta	OUT	git-import	DIFF-COUNT	11	12
greedy_chess.metta	OUT	add-atom	PETTA-TIMEOUT		
he_assert.metta	OUT	assertEqual	DIFF-COUNT	5	6
he_atomspace.metta	OUT	add-atom	DIFF-COUNT	7	9
he_equalreduct.metta	IN		DIFF-COUNT	4	6
he_error.metta	IN		DIFF-COUNT	5	6
he_evaluation.metta	IN		DIFF-COUNT	4	5
he_math.metta	IN		AGREE	19	19
he_minimalmetta.metta	IN		PETTA-TIMEOUT		
he_quoting.metta	IN		DIFF-COUNT	6	5
he_types.metta	IN		DIFF-COUNT	7	8
holbenchmark.metta	IN		LEATTA-TIMEOUT	4	
holfunctions.metta	IN		DIFF-VAL	7	7
holfunctions_intrinsicop.metta	IN		DIFF-COUNT	1	0
hyperpose_primes.metta	IN		DIFF-COUNT	3	6
identity.metta	IN		AGREE	1	1
if.metta	IN		AGREE	1	1
if2.metta	IN		AGREE	1	1
if3.metta	IN		AGREE	1	1
if4.metta	IN		AGREE	1	1
ifcasenondet.metta	IN		AGREE	2	2
ifsimple.metta	IN		AGREE	1	1
invertfunction.metta	IN		DIFF-VAL	3	3
invertpeanoplus.metta	IN		DIFF-VAL	5	5
is_alpha_member_test.metta	IN		DIFF-COUNT	25	23
iter.metta	IN		AGREE	1	1
lambda.metta	IN		DIFF-VAL	7	7
let_superpose_if_case.metta	IN		AGREE	1	1
letext.metta	IN		AGREE	1	1
letlet.metta	IN		AGREE	1	1
letstar.metta	IN		AGREE	1	1
library.metta	IN		DIFF-COUNT	2	1
listhead.metta	IN		DIFF-COUNT	3	2
llm_cities.metta	OUT	sread	DIFF-COUNT	3	4
logicprog.metta	IN		AGREE	1	1
logicprogset.metta	IN		DIFF-COUNT	1	0
matchnested.metta	OUT	add-atom	DIFF-VAL	1	1
matchnested2.metta	OUT	add-atom	DIFF-VAL	1	1
matchsingle.metta	IN		DIFF-VAL	2	2
matchtypes.metta	IN		DIFF-COUNT	6	20
matespace.metta	OUT	add-atom	LEATTA-TIMEOUT	1	
matespace2.metta	OUT	add-atom	DIFF-VAL	1	1
matespacefast.metta	OUT	add-atom	LEATTA-TIMEOUT	1	
math.metta	IN		AGREE	19	19
meta_types.metta	IN		DIFF-VAL	6	6
metta4_prog.metta	OUT	add-atom	DIFF-VAL	3	3
metta4_streams.metta	OUT	add-atom	DIFF-VAL	5	5
mettaset.metta	OUT	add-atom	DIFF-COUNT	9	55
multicall.metta	IN		AGREE	1	1
multiset_operations.metta	IN		AGREE	4	4
mutex_and_transaction.metta	OUT	add-atom	DIFF-VAL	8	8
myinterpreter.metta	IN		DIFF-COUNT	4	0
nars_direct.metta	OUT	add-atom	DIFF-COUNT	7	4
nars_tuffy.metta	IN		DIFF-COUNT	1	2
nestedcons.metta	IN		DIFF-COUNT	1	0
nilbc.metta	OUT	bind!	DIFF-COUNT	25	28
once.metta	OUT	add-atom	DIFF-COUNT	2	3
parametric_types.metta	IN		DIFF-COUNT	1	3
parse.metta	IN		DIFF-VAL	5	5
partialdef.metta	IN		DIFF-VAL	2	2
patrick_iterate_fib.metta	IN		AGREE	2	2
patrick_iterate_quad.metta	IN		DIFF-VAL	2	2
patrick_test.metta	IN		DIFF-COUNT	4	3
peano.metta	OUT	add-atom	LEATTA-TIMEOUT	1	
peanofast.metta	OUT	add-atom	LEATTA-TIMEOUT	2	
permutations.metta	OUT	match &	LEATTA-TIMEOUT	1	
pln_direct.metta	OUT	add-atom	DIFF-COUNT	7	4
pln_roman.metta	IN		DIFF-COUNT	1	2
pln_tuffy.metta	IN		DIFF-COUNT	1	2
plntest.metta	IN		AGREE	1	1
plntestdirect.metta	IN		LEATTA-TIMEOUT	1	
prologimport.metta	OUT	import_prolog	DIFF-VAL	17	17
python.metta	OUT	py-call	DIFF-VAL	1	1
python_import.metta	OUT	py-call	DIFF-COUNT	2	3
recursive_types.metta	IN		DIFF-VAL	4	4
recursive_types2.metta	IN		AGREE	2	2
repl.metta	OUT	add-atom	PETTA-TIMEOUT		
repr.metta	IN		DIFF-VAL	6	6
roman_test.metta	IN		DIFF-COUNT	20	27
scale.metta	OUT	add-atom	DIFF-VAL	1	1
selfprog.metta	OUT	remove-atom	DIFF-VAL	4	4
smartdispatch.metta	IN		AGREE	1	1
spacefunction.metta	OUT	add-atom	AGREE	8	8
spaces.metta	OUT	add-atom	AGREE	1	1
spaces2.metta	OUT	match &	DIFF-VAL	3	3
spaces3.metta	OUT	add-atom	DIFF-VAL	7	7
spaces_find.metta	IN		DIFF-COUNT	1	2
spaces_removeallatoms.metta	IN		LEATTA-TIMEOUT	5	
spaces_succeedspredicate.metta	IN		DIFF-COUNT	3	2
specialize.metta	IN		DIFF-COUNT	12	4
specializecyclic.metta	IN		DIFF-COUNT	4	2
specializefunctiontypes.metta	OUT	match &	DIFF-COUNT	3	1
state.metta	OUT	bind!	DIFF-VAL	4	4
streamops.metta	IN		AGREE	4	4
string.metta	IN		AGREE	1	1
supercollapse.metta	IN		DIFF-VAL	1	1
superpose_nested.metta	IN		DIFF-VAL	1	1
superpose_primes.metta	IN		AGREE	1	1
tabling_fib.metta	IN		DIFF-VAL	3	3
test_alpha_unique_atom.metta	IN		AGREE	13	13
test_backward_v01.metta	OUT	match &	DIFF-COUNT	3	6
test_backward_v02.metta	OUT	match &	AGREE	2	2
test_backward_v03.metta	OUT	match &	AGREE	5	5
test_backward_v04.metta	OUT	match &	AGREE	5	5
test_backward_v05.metta	OUT	match &	AGREE	5	5
test_backward_v06.metta	OUT	match &	DIFF-VAL	7	7
test_backward_v06_fixed.metta	OUT	match &	AGREE	7	7
test_backward_v07.metta	OUT	match &	AGREE	5	5
test_backward_v08.metta	OUT	match &	AGREE	5	5
test_backward_v09.metta	OUT	match &	AGREE	10	10
test_collapse.metta	OUT	match &	AGREE	5	5
test_deduce_raw.metta	OUT	match &	AGREE	3	3
test_evidence_kind.metta	IN		DIFF-COUNT	5	6
test_evidence_kind_import.metta	IN		AGREE	6	6
test_evidence_kind_inline.metta	IN		AGREE	5	5
test_let_match.metta	OUT	match &	AGREE	3	3
test_match_3arg.metta	OUT	match &	DIFF-VAL	3	3
test_match_simple.metta	OUT	match &	DIFF-VAL	5	5
test_match_simple2.metta	OUT	match &	AGREE	1	1
test_nal_import.metta	IN		DIFF-VAL	5	5
test_nal_test_primitive.metta	OUT	match &	AGREE	9	9
test_nal_v032.metta	IN		AGREE	7	7
test_nal_v033.metta	IN		AGREE	5	5
test_nal_v034.metta	IN		AGREE	7	7
test_protocosmoMain.metta	IN		AGREE	2	2
test_string_comments.metta	IN		DIFF-VAL	11	11
test_stv_match.metta	OUT	match &	AGREE	2	2
test_ulc_accessors.metta	IN		AGREE	3	3
test_unify_eval_branches.metta	IN		DIFF-VAL	6	6
tests.metta	IN		AGREE	1	1
tilepuzzle.metta	IN		LEATTA-TIMEOUT	1	
torch.metta	OUT	py-call	DIFF-VAL	1	1
translatepredicate.metta	OUT	translatePredicate	DIFF-VAL	1	1
translatorrule.metta	IN		DIFF-VAL	5	5
translatorrule_fib.metta	IN		DIFF-VAL	2	2
translatorrule_for.metta	IN		DIFF-VAL	2	2
twostage.metta	IN		AGREE	2	2
types.metta	IN		DIFF-VAL	13	13
types_dependent.metta	IN		DIFF-VAL	2	2
types_nondet.metta	IN		DIFF-COUNT	3	4
xor.metta	IN		AGREE	2	2
and_or.metta	IN		AGREE	1	1
atomops.metta	IN		DIFF-COUNT	9	10
booleansolver.metta	IN		DIFF-COUNT	2	0
builin_types.metta	IN		DIFF-COUNT	36	37
callquoteevalreduce.metta	IN		DIFF-COUNT	4	3
callquoteevalreduce2.metta	IN		DIFF-VAL	4	4
case.metta	IN		AGREE	1	1
case2.metta	IN		AGREE	1	1
caseconstrain.metta	IN		DIFF-COUNT	1	0
caseempty.metta	IN		AGREE	2	2
casenew.metta	IN		DIFF-COUNT	1	0
chain.metta	IN		AGREE	2	2
collapse.metta	IN		AGREE	1	1
comments.metta	IN		AGREE	1	1
constanthead.metta	IN		AGREE	1	1
curry.metta	IN		DIFF-VAL	6	6
cut.metta	IN		DIFF-COUNT	2	3
empty.metta	IN		AGREE	1	1
eval.metta	IN		DIFF-VAL	2	2
factorial.metta	IN		AGREE	1	1
fib.metta	IN		AGREE	1	1
fibadd.metta	IN		DIFF-COUNT	2	1
fibsmart.metta	IN		AGREE	1	1
fibsmartimport.metta	IN		DIFF-COUNT	1	2
foldall.metta	IN		DIFF-COUNT	10	20
foldallmatch.metta	IN		DIFF-COUNT	2	4
foldallspacecount.metta	IN		DIFF-COUNT	1	3
forall.metta	IN		DIFF-COUNT	12	21
functionhead.metta	IN		DIFF-COUNT	2	0
functionhead2.metta	IN		DIFF-VAL	1	1
functionhead3.metta	IN		DIFF-VAL	6	6
functionremoval.metta	IN		DIFF-COUNT	8	15
functionremovalspec.metta	IN		DIFF-COUNT	6	12
functiontypes.metta	IN		DIFF-VAL	4	4
git_import.metta	OUT	git-import	DIFF-VAL	4	4
git_import2.metta	OUT	git-import	DIFF-COUNT	11	12
greedy_chess.metta	OUT	new-state	PETTA-TIMEOUT		
he_assert.metta	OUT	assertEqual	DIFF-COUNT	5	6
he_atomspace.metta	IN		DIFF-COUNT	7	9
he_equalreduct.metta	IN		DIFF-COUNT	4	6
he_error.metta	IN		DIFF-COUNT	5	6
he_evaluation.metta	IN		DIFF-COUNT	4	5
he_math.metta	IN		AGREE	19	19
he_minimalmetta.metta	IN		PETTA-TIMEOUT		
he_quoting.metta	IN		DIFF-COUNT	6	5
he_types.metta	IN		DIFF-COUNT	7	8
holbenchmark.metta	IN		LEATTA-TIMEOUT	4	
holfunctions.metta	IN		DIFF-VAL	7	7
holfunctions_intrinsicop.metta	IN		DIFF-COUNT	1	0
hyperpose_primes.metta	IN		DIFF-COUNT	3	6
identity.metta	IN		AGREE	1	1
if.metta	IN		AGREE	1	1
if2.metta	IN		AGREE	1	1
if3.metta	IN		AGREE	1	1
if4.metta	IN		AGREE	1	1
ifcasenondet.metta	IN		AGREE	2	2
ifsimple.metta	IN		AGREE	1	1
invertfunction.metta	IN		DIFF-VAL	3	3
invertpeanoplus.metta	IN		DIFF-VAL	5	5
is_alpha_member_test.metta	IN		DIFF-COUNT	25	23
iter.metta	IN		AGREE	1	1
lambda.metta	IN		DIFF-VAL	7	7
let_superpose_if_case.metta	IN		AGREE	1	1
letext.metta	IN		AGREE	1	1
letlet.metta	IN		AGREE	1	1
letstar.metta	IN		AGREE	1	1
library.metta	IN		DIFF-COUNT	2	1
listhead.metta	IN		DIFF-COUNT	3	2
llm_cities.metta	OUT	sread	DIFF-COUNT	3	4
logicprog.metta	IN		AGREE	1	1
logicprogset.metta	IN		DIFF-COUNT	1	0
matchnested.metta	IN		DIFF-VAL	1	1
matchnested2.metta	IN		DIFF-VAL	1	1
matchsingle.metta	IN		DIFF-VAL	2	2
matchtypes.metta	IN		DIFF-COUNT	6	20
matespace.metta	IN		LEATTA-TIMEOUT	1	
matespace2.metta	IN		DIFF-VAL	1	1
matespacefast.metta	IN		LEATTA-TIMEOUT	1	
math.metta	IN		AGREE	19	19
meta_types.metta	IN		DIFF-VAL	6	6
metta4_prog.metta	IN		DIFF-VAL	3	3
metta4_streams.metta	IN		DIFF-VAL	5	5
mettaset.metta	IN		DIFF-COUNT	9	55
multicall.metta	IN		AGREE	1	1
multiset_operations.metta	IN		AGREE	4	4
mutex_and_transaction.metta	IN		DIFF-VAL	8	8
myinterpreter.metta	IN		DIFF-COUNT	4	0
nars_direct.metta	IN		DIFF-COUNT	7	4
nars_tuffy.metta	IN		DIFF-COUNT	1	2
nestedcons.metta	IN		DIFF-COUNT	1	0
nilbc.metta	IN		DIFF-COUNT	25	28
once.metta	IN		DIFF-COUNT	2	3
parametric_types.metta	IN		DIFF-COUNT	1	3
parse.metta	IN		DIFF-VAL	5	5
partialdef.metta	IN		DIFF-VAL	2	2
patrick_iterate_fib.metta	IN		AGREE	2	2
patrick_iterate_quad.metta	IN		DIFF-VAL	2	2
patrick_test.metta	IN		DIFF-COUNT	4	3
peano.metta	IN		LEATTA-TIMEOUT	1	
peanofast.metta	IN		LEATTA-TIMEOUT	2	
permutations.metta	IN		LEATTA-TIMEOUT	1	
pln_direct.metta	IN		DIFF-COUNT	7	4
pln_roman.metta	IN		DIFF-COUNT	1	2
pln_tuffy.metta	IN		DIFF-COUNT	1	2
plntest.metta	IN		AGREE	1	1
plntestdirect.metta	IN		LEATTA-TIMEOUT	1	
prologimport.metta	OUT	import_prolog	DIFF-VAL	17	17
python.metta	OUT	py-call	DIFF-VAL	1	1
python_import.metta	OUT	py-call	DIFF-COUNT	2	3
recursive_types.metta	IN		DIFF-VAL	4	4
recursive_types2.metta	IN		AGREE	2	2
repl.metta	IN		PETTA-TIMEOUT		
repr.metta	IN		DIFF-VAL	6	6
roman_test.metta	IN		DIFF-COUNT	20	27
scale.metta	IN		DIFF-VAL	1	1
selfprog.metta	IN		DIFF-VAL	4	4
smartdispatch.metta	IN		AGREE	1	1
spacefunction.metta	IN		AGREE	8	8
spaces.metta	IN		AGREE	1	1
spaces2.metta	IN		DIFF-VAL	3	3
spaces3.metta	IN		DIFF-VAL	7	7
spaces_find.metta	IN		DIFF-COUNT	1	2
spaces_removeallatoms.metta	IN		LEATTA-TIMEOUT	5	
spaces_succeedspredicate.metta	IN		DIFF-COUNT	3	2
specialize.metta	IN		DIFF-COUNT	12	4
specializecyclic.metta	IN		DIFF-COUNT	4	2
specializefunctiontypes.metta	IN		DIFF-COUNT	3	1
state.metta	OUT	new-state	DIFF-VAL	4	4
streamops.metta	IN		AGREE	4	4
string.metta	IN		AGREE	1	1
supercollapse.metta	IN		DIFF-VAL	1	1
superpose_nested.metta	IN		DIFF-VAL	1	1
superpose_primes.metta	IN		AGREE	1	1
tabling_fib.metta	IN		DIFF-VAL	3	3
test_alpha_unique_atom.metta	IN		AGREE	13	13
test_backward_v01.metta	IN		DIFF-COUNT	3	6
test_backward_v02.metta	IN		AGREE	2	2
test_backward_v03.metta	IN		AGREE	5	5
test_backward_v04.metta	IN		AGREE	5	5
test_backward_v05.metta	IN		AGREE	5	5
test_backward_v06.metta	IN		DIFF-VAL	7	7
test_backward_v06_fixed.metta	IN		AGREE	7	7
test_backward_v07.metta	IN		AGREE	5	5
test_backward_v08.metta	IN		AGREE	5	5
test_backward_v09.metta	IN		AGREE	10	10
test_collapse.metta	IN		AGREE	5	5
test_deduce_raw.metta	IN		AGREE	3	3
test_evidence_kind.metta	IN		DIFF-COUNT	5	6
test_evidence_kind_import.metta	IN		AGREE	6	6
test_evidence_kind_inline.metta	IN		AGREE	5	5
test_let_match.metta	IN		AGREE	3	3
test_match_3arg.metta	IN		DIFF-VAL	3	3
test_match_simple.metta	IN		DIFF-VAL	5	5
test_match_simple2.metta	IN		AGREE	1	1
test_nal_import.metta	IN		DIFF-VAL	5	5
test_nal_test_primitive.metta	IN		AGREE	9	9
test_nal_v032.metta	IN		AGREE	7	7
test_nal_v033.metta	IN		AGREE	5	5
test_nal_v034.metta	IN		AGREE	7	7
test_protocosmoMain.metta	IN		AGREE	2	2
test_string_comments.metta	IN		DIFF-VAL	11	11
test_stv_match.metta	IN		AGREE	2	2
test_ulc_accessors.metta	IN		AGREE	3	3
test_unify_eval_branches.metta	IN		DIFF-VAL	6	6
tests.metta	IN		AGREE	1	1
tilepuzzle.metta	IN		LEATTA-TIMEOUT	1	
torch.metta	OUT	py-call	DIFF-VAL	1	1
translatepredicate.metta	OUT	translatePredicate	DIFF-VAL	1	1
translatorrule.metta	IN		DIFF-VAL	5	5
translatorrule_fib.metta	IN		DIFF-VAL	2	2
translatorrule_for.metta	IN		DIFF-VAL	2	2
twostage.metta	IN		AGREE	2	2
types.metta	IN		DIFF-VAL	13	13
types_dependent.metta	IN		DIFF-VAL	2	2
types_nondet.metta	IN		DIFF-COUNT	3	4
xor.metta	IN		AGREE	2	2
and_or.metta	IN		AGREE	1	1
atomops.metta	IN		DIFF-COUNT	9	10
booleansolver.metta	IN		DIFF-COUNT	2	0
builin_types.metta	IN		DIFF-COUNT	36	37
callquoteevalreduce.metta	IN		DIFF-COUNT	4	3
callquoteevalreduce2.metta	IN		DIFF-VAL	4	4
case.metta	IN		AGREE	1	1
case2.metta	IN		AGREE	1	1
caseconstrain.metta	IN		DIFF-COUNT	1	0
caseempty.metta	IN		AGREE	2	2
casenew.metta	IN		DIFF-COUNT	1	0
chain.metta	IN		AGREE	2	2
collapse.metta	IN		AGREE	1	1
comments.metta	IN		AGREE	1	1
constanthead.metta	IN		AGREE	1	1
curry.metta	IN		DIFF-VAL	6	6
cut.metta	IN		DIFF-COUNT	2	3
empty.metta	IN		AGREE	1	1
eval.metta	IN		DIFF-VAL	2	2
factorial.metta	IN		AGREE	1	1
fib.metta	IN		AGREE	1	1
fibadd.metta	IN		DIFF-COUNT	2	1
fibsmart.metta	IN		AGREE	1	1
fibsmartimport.metta	IN		DIFF-COUNT	1	2
foldall.metta	IN		DIFF-COUNT	10	20
foldallmatch.metta	IN		DIFF-COUNT	2	4
foldallspacecount.metta	IN		DIFF-COUNT	1	3
forall.metta	IN		DIFF-COUNT	12	21
functionhead.metta	IN		DIFF-COUNT	2	0
functionhead2.metta	IN		DIFF-VAL	1	1
functionhead3.metta	IN		DIFF-VAL	6	6
functionremoval.metta	IN		DIFF-COUNT	8	15
functionremovalspec.metta	IN		DIFF-COUNT	6	12
functiontypes.metta	IN		DIFF-VAL	4	4
git_import.metta	OUT	git-import	DIFF-VAL	4	4
git_import2.metta	OUT	git-import	DIFF-COUNT	11	12
greedy_chess.metta	OUT	new-state	PETTA-TIMEOUT		
he_assert.metta	OUT	assertEqual	DIFF-COUNT	5	6
he_atomspace.metta	IN		DIFF-COUNT	7	9
he_equalreduct.metta	IN		DIFF-COUNT	4	6
he_error.metta	IN		DIFF-COUNT	5	6
he_evaluation.metta	IN		DIFF-COUNT	4	5
he_math.metta	IN		AGREE	19	19
he_minimalmetta.metta	IN		PETTA-TIMEOUT		
he_quoting.metta	IN		DIFF-COUNT	6	5
he_types.metta	IN		DIFF-COUNT	7	8
holbenchmark.metta	IN		LEATTA-TIMEOUT	4	
holfunctions.metta	IN		DIFF-VAL	7	7
holfunctions_intrinsicop.metta	IN		DIFF-COUNT	1	0
hyperpose_primes.metta	IN		DIFF-COUNT	3	6
identity.metta	IN		AGREE	1	1
if.metta	IN		AGREE	1	1
if2.metta	IN		AGREE	1	1
if3.metta	IN		AGREE	1	1
if4.metta	IN		AGREE	1	1
ifcasenondet.metta	IN		AGREE	2	2
ifsimple.metta	IN		AGREE	1	1
invertfunction.metta	IN		DIFF-VAL	3	3
invertpeanoplus.metta	IN		DIFF-VAL	5	5
is_alpha_member_test.metta	IN		DIFF-COUNT	25	23
iter.metta	IN		AGREE	1	1
lambda.metta	IN		DIFF-VAL	7	7
let_superpose_if_case.metta	IN		AGREE	1	1
letext.metta	IN		AGREE	1	1
letlet.metta	IN		AGREE	1	1
letstar.metta	IN		AGREE	1	1
library.metta	IN		DIFF-COUNT	2	1
listhead.metta	IN		DIFF-COUNT	3	2
llm_cities.metta	OUT	sread	DIFF-COUNT	3	4
logicprog.metta	IN		AGREE	1	1
logicprogset.metta	IN		DIFF-COUNT	1	0
matchnested.metta	IN		DIFF-VAL	1	1
matchnested2.metta	IN		DIFF-VAL	1	1
matchsingle.metta	IN		DIFF-VAL	2	2
matchtypes.metta	IN		DIFF-COUNT	6	20
matespace.metta	IN		LEATTA-TIMEOUT	1	
matespace2.metta	IN		DIFF-VAL	1	1
matespacefast.metta	IN		LEATTA-TIMEOUT	1	
math.metta	IN		AGREE	19	19
meta_types.metta	IN		DIFF-VAL	6	6
metta4_prog.metta	IN		DIFF-VAL	3	3
metta4_streams.metta	IN		DIFF-VAL	5	5
mettaset.metta	IN		DIFF-COUNT	9	55
multicall.metta	IN		AGREE	1	1
multiset_operations.metta	IN		AGREE	4	4
mutex_and_transaction.metta	IN		DIFF-VAL	8	8
myinterpreter.metta	IN		DIFF-COUNT	4	0
nars_direct.metta	IN		DIFF-COUNT	7	4
nars_tuffy.metta	IN		DIFF-COUNT	1	2
nestedcons.metta	IN		DIFF-COUNT	1	0
nilbc.metta	IN		DIFF-COUNT	25	28
once.metta	IN		DIFF-COUNT	2	3
parametric_types.metta	IN		DIFF-COUNT	1	3
parse.metta	IN		DIFF-VAL	5	5
partialdef.metta	IN		DIFF-VAL	2	2
patrick_iterate_fib.metta	IN		AGREE	2	2
patrick_iterate_quad.metta	IN		DIFF-VAL	2	2
patrick_test.metta	IN		DIFF-COUNT	4	3
peano.metta	IN		LEATTA-TIMEOUT	1	
peanofast.metta	IN		LEATTA-TIMEOUT	2	
permutations.metta	IN		LEATTA-TIMEOUT	1	
pln_direct.metta	IN		DIFF-COUNT	7	4
pln_roman.metta	IN		DIFF-COUNT	1	2
pln_tuffy.metta	IN		DIFF-COUNT	1	2
plntest.metta	IN		AGREE	1	1
plntestdirect.metta	IN		LEATTA-TIMEOUT	1	
prologimport.metta	OUT	import_prolog	DIFF-VAL	17	17
python.metta	OUT	py-call	DIFF-VAL	1	1
python_import.metta	OUT	py-call	DIFF-COUNT	2	3
recursive_types.metta	IN		DIFF-VAL	4	4
recursive_types2.metta	IN		AGREE	2	2
repl.metta	IN		PETTA-TIMEOUT		
repr.metta	IN		DIFF-VAL	6	6
roman_test.metta	IN		DIFF-COUNT	20	27
scale.metta	IN		DIFF-VAL	1	1
selfprog.metta	IN		DIFF-VAL	4	4
smartdispatch.metta	IN		AGREE	1	1
spacefunction.metta	IN		AGREE	8	8
spaces.metta	IN		AGREE	1	1
spaces2.metta	IN		DIFF-VAL	3	3
spaces3.metta	IN		DIFF-VAL	7	7
spaces_find.metta	IN		DIFF-COUNT	1	2
spaces_removeallatoms.metta	IN		LEATTA-TIMEOUT	5	
spaces_succeedspredicate.metta	IN		DIFF-COUNT	3	2
specialize.metta	IN		DIFF-COUNT	12	4
specializecyclic.metta	IN		DIFF-COUNT	4	2
specializefunctiontypes.metta	IN		DIFF-COUNT	3	1
state.metta	OUT	new-state	DIFF-VAL	4	4
streamops.metta	IN		AGREE	4	4
string.metta	IN		AGREE	1	1
supercollapse.metta	IN		DIFF-VAL	1	1
superpose_nested.metta	IN		DIFF-VAL	1	1
superpose_primes.metta	IN		AGREE	1	1
tabling_fib.metta	IN		DIFF-VAL	3	3
test_alpha_unique_atom.metta	IN		AGREE	13	13
test_backward_v01.metta	IN		DIFF-COUNT	3	6
test_backward_v02.metta	IN		AGREE	2	2
test_backward_v03.metta	IN		AGREE	5	5
test_backward_v04.metta	IN		AGREE	5	5
test_backward_v05.metta	IN		AGREE	5	5
test_backward_v06.metta	IN		DIFF-VAL	7	7
test_backward_v06_fixed.metta	IN		AGREE	7	7
test_backward_v07.metta	IN		AGREE	5	5
test_backward_v08.metta	IN		AGREE	5	5
test_backward_v09.metta	IN		AGREE	10	10
test_collapse.metta	IN		AGREE	5	5
test_deduce_raw.metta	IN		AGREE	3	3
test_evidence_kind.metta	IN		DIFF-COUNT	5	6
test_evidence_kind_import.metta	IN		AGREE	6	6
test_evidence_kind_inline.metta	IN		AGREE	5	5
test_let_match.metta	IN		AGREE	3	3
test_match_3arg.metta	IN		DIFF-VAL	3	3
test_match_simple.metta	IN		DIFF-VAL	5	5
test_match_simple2.metta	IN		AGREE	1	1
test_nal_import.metta	IN		DIFF-VAL	5	5
test_nal_test_primitive.metta	IN		AGREE	9	9
test_nal_v032.metta	IN		AGREE	7	7
test_nal_v033.metta	IN		AGREE	5	5
test_nal_v034.metta	IN		AGREE	7	7
test_protocosmoMain.metta	IN		AGREE	2	2
test_string_comments.metta	IN		DIFF-VAL	11	11
test_stv_match.metta	IN		AGREE	2	2
test_ulc_accessors.metta	IN		AGREE	3	3
test_unify_eval_branches.metta	IN		DIFF-VAL	6	6
tests.metta	IN		AGREE	1	1
tilepuzzle.metta	IN		LEATTA-TIMEOUT	1	
torch.metta	OUT	py-call	DIFF-VAL	1	1
translatepredicate.metta	OUT	translatePredicate	DIFF-VAL	1	1
translatorrule.metta	IN		DIFF-VAL	5	5
translatorrule_fib.metta	IN		DIFF-VAL	2	2
translatorrule_for.metta	IN		DIFF-VAL	2	2
twostage.metta	IN		AGREE	2	2
types.metta	IN		DIFF-VAL	13	13
types_dependent.metta	IN		DIFF-VAL	2	2
types_nondet.metta	IN		DIFF-COUNT	3	4
xor.metta	IN		AGREE	2	2
and_or.metta	IN		AGREE	1	1
atomops.metta	IN		DIFF-COUNT	9	10
booleansolver.metta	IN		DIFF-COUNT	2	0
builin_types.metta	IN		DIFF-COUNT	36	37
callquoteevalreduce.metta	IN		DIFF-COUNT	4	3
callquoteevalreduce2.metta	IN		DIFF-VAL	4	4
case.metta	IN		AGREE	1	1
case2.metta	IN		AGREE	1	1
caseconstrain.metta	IN		DIFF-COUNT	1	0
caseempty.metta	IN		AGREE	2	2
casenew.metta	IN		AGREE	1	1
chain.metta	IN		AGREE	2	2
collapse.metta	IN		AGREE	1	1
comments.metta	IN		AGREE	1	1
constanthead.metta	IN		AGREE	1	1
curry.metta	IN		DIFF-VAL	6	6
cut.metta	IN		DIFF-COUNT	2	3
empty.metta	IN		AGREE	1	1
eval.metta	IN		DIFF-VAL	2	2
factorial.metta	IN		AGREE	1	1
fib.metta	IN		AGREE	1	1
fibadd.metta	IN		DIFF-COUNT	2	1
fibsmart.metta	IN		AGREE	1	1
fibsmartimport.metta	IN		DIFF-COUNT	1	2
foldall.metta	IN		DIFF-COUNT	10	12
foldallmatch.metta	IN		AGREE	2	2
foldallspacecount.metta	IN		AGREE	1	1
forall.metta	IN		DIFF-COUNT	12	14
functionhead.metta	IN		DIFF-COUNT	2	0
functionhead2.metta	IN		DIFF-VAL	1	1
functionhead3.metta	IN		DIFF-VAL	6	6
functionremoval.metta	IN		DIFF-COUNT	8	15
functionremovalspec.metta	IN		DIFF-COUNT	6	12
functiontypes.metta	IN		DIFF-VAL	4	4
git_import.metta	OUT	git-import	DIFF-VAL	4	4
git_import2.metta	OUT	git-import	DIFF-COUNT	11	12
greedy_chess.metta	OUT	new-state	PETTA-TIMEOUT		
he_assert.metta	OUT	assertEqual	DIFF-COUNT	5	6
he_atomspace.metta	IN		DIFF-COUNT	7	9
he_equalreduct.metta	IN		DIFF-COUNT	4	6
he_error.metta	IN		DIFF-COUNT	5	6
he_evaluation.metta	IN		DIFF-COUNT	4	5
he_math.metta	IN		AGREE	19	19
he_minimalmetta.metta	IN		PETTA-TIMEOUT		
he_quoting.metta	IN		DIFF-COUNT	6	5
he_types.metta	IN		DIFF-COUNT	7	8
holbenchmark.metta	IN		LEATTA-TIMEOUT	4	
holfunctions.metta	IN		DIFF-VAL	7	7
holfunctions_intrinsicop.metta	IN		DIFF-COUNT	1	0
hyperpose_primes.metta	IN		DIFF-COUNT	3	6
identity.metta	IN		AGREE	1	1
if.metta	IN		AGREE	1	1
if2.metta	IN		AGREE	1	1
if3.metta	IN		AGREE	1	1
if4.metta	IN		AGREE	1	1
ifcasenondet.metta	IN		AGREE	2	2
ifsimple.metta	IN		AGREE	1	1
invertfunction.metta	IN		DIFF-VAL	3	3
invertpeanoplus.metta	IN		DIFF-VAL	5	5
is_alpha_member_test.metta	IN		DIFF-COUNT	25	23
iter.metta	IN		AGREE	1	1
lambda.metta	IN		DIFF-VAL	7	7
let_superpose_if_case.metta	IN		AGREE	1	1
letext.metta	IN		AGREE	1	1
letlet.metta	IN		AGREE	1	1
letstar.metta	IN		AGREE	1	1
library.metta	IN		DIFF-COUNT	2	1
listhead.metta	IN		DIFF-COUNT	3	2
llm_cities.metta	OUT	sread	DIFF-COUNT	3	4
logicprog.metta	IN		AGREE	1	1
logicprogset.metta	IN		DIFF-COUNT	1	0
matchnested.metta	IN		DIFF-VAL	1	1
matchnested2.metta	IN		DIFF-VAL	1	1
matchsingle.metta	IN		DIFF-VAL	2	2
matchtypes.metta	IN		DIFF-COUNT	6	20
matespace.metta	IN		LEATTA-TIMEOUT	1	
matespace2.metta	IN		DIFF-VAL	1	1
matespacefast.metta	IN		LEATTA-TIMEOUT	1	
math.metta	IN		AGREE	19	19
meta_types.metta	IN		DIFF-VAL	6	6
metta4_prog.metta	IN		DIFF-VAL	3	3
metta4_streams.metta	IN		DIFF-COUNT	5	8
mettaset.metta	IN		DIFF-VAL	9	9
multicall.metta	IN		AGREE	1	1
multiset_operations.metta	IN		AGREE	4	4
mutex_and_transaction.metta	IN		DIFF-VAL	8	8
myinterpreter.metta	IN		DIFF-COUNT	4	0
nars_direct.metta	IN		DIFF-COUNT	7	4
nars_tuffy.metta	IN		DIFF-COUNT	1	2
nestedcons.metta	IN		DIFF-COUNT	1	0
nilbc.metta	IN		DIFF-COUNT	25	28
once.metta	IN		DIFF-COUNT	2	3
parametric_types.metta	IN		DIFF-COUNT	1	3
parse.metta	IN		DIFF-VAL	5	5
partialdef.metta	IN		DIFF-VAL	2	2
patrick_iterate_fib.metta	IN		AGREE	2	2
patrick_iterate_quad.metta	IN		DIFF-VAL	2	2
patrick_test.metta	IN		DIFF-COUNT	4	3
peano.metta	IN		LEATTA-TIMEOUT	1	
peanofast.metta	IN		LEATTA-TIMEOUT	2	
permutations.metta	IN		LEATTA-TIMEOUT	1	
pln_direct.metta	IN		DIFF-COUNT	7	4
pln_roman.metta	IN		DIFF-COUNT	1	2
pln_tuffy.metta	IN		DIFF-COUNT	1	2
plntest.metta	IN		AGREE	1	1
plntestdirect.metta	IN		LEATTA-TIMEOUT	1	
prologimport.metta	OUT	import_prolog	DIFF-VAL	17	17
python.metta	OUT	py-call	DIFF-VAL	1	1
python_import.metta	OUT	py-call	DIFF-COUNT	2	3
recursive_types.metta	IN		DIFF-VAL	4	4
recursive_types2.metta	IN		AGREE	2	2
repl.metta	IN		PETTA-TIMEOUT		
repr.metta	IN		DIFF-VAL	6	6
roman_test.metta	IN		DIFF-COUNT	20	27
scale.metta	IN		DIFF-VAL	1	1
selfprog.metta	IN		DIFF-VAL	4	4
smartdispatch.metta	IN		AGREE	1	1
spacefunction.metta	IN		AGREE	8	8
spaces.metta	IN		AGREE	1	1
spaces2.metta	IN		DIFF-VAL	3	3
spaces3.metta	IN		DIFF-VAL	7	7
spaces_find.metta	IN		DIFF-COUNT	1	2
spaces_removeallatoms.metta	IN		LEATTA-TIMEOUT	5	
spaces_succeedspredicate.metta	IN		DIFF-COUNT	3	2
specialize.metta	IN		DIFF-COUNT	12	4
specializecyclic.metta	IN		DIFF-COUNT	4	2
specializefunctiontypes.metta	IN		DIFF-COUNT	3	1
state.metta	OUT	new-state	DIFF-VAL	4	4
streamops.metta	IN		AGREE	4	4
string.metta	IN		AGREE	1	1
supercollapse.metta	IN		AGREE	1	1
superpose_nested.metta	IN		AGREE	1	1
superpose_primes.metta	IN		AGREE	1	1
tabling_fib.metta	IN		DIFF-VAL	3	3
test_alpha_unique_atom.metta	IN		AGREE	13	13
test_backward_v01.metta	IN		DIFF-COUNT	3	6
test_backward_v02.metta	IN		AGREE	2	2
test_backward_v03.metta	IN		AGREE	5	5
test_backward_v04.metta	IN		AGREE	5	5
test_backward_v05.metta	IN		AGREE	5	5
test_backward_v06.metta	IN		DIFF-VAL	7	7
test_backward_v06_fixed.metta	IN		AGREE	7	7
test_backward_v07.metta	IN		AGREE	5	5
test_backward_v08.metta	IN		AGREE	5	5
test_backward_v09.metta	IN		AGREE	10	10
test_collapse.metta	IN		AGREE	5	5
test_deduce_raw.metta	IN		AGREE	3	3
test_evidence_kind.metta	IN		DIFF-COUNT	5	6
test_evidence_kind_import.metta	IN		AGREE	6	6
test_evidence_kind_inline.metta	IN		AGREE	5	5
test_let_match.metta	IN		AGREE	3	3
test_match_3arg.metta	IN		DIFF-VAL	3	3
test_match_simple.metta	IN		DIFF-VAL	5	5
test_match_simple2.metta	IN		AGREE	1	1
test_nal_import.metta	IN		DIFF-VAL	5	5
test_nal_test_primitive.metta	IN		AGREE	9	9
test_nal_v032.metta	IN		AGREE	7	7
test_nal_v033.metta	IN		AGREE	5	5
test_nal_v034.metta	IN		AGREE	7	7
test_protocosmoMain.metta	IN		AGREE	2	2
test_string_comments.metta	IN		DIFF-VAL	11	11
test_stv_match.metta	IN		AGREE	2	2
test_ulc_accessors.metta	IN		AGREE	3	3
test_unify_eval_branches.metta	IN		DIFF-VAL	6	6
tests.metta	IN		AGREE	1	1
tilepuzzle.metta	IN		LEATTA-TIMEOUT	1	
torch.metta	OUT	py-call	DIFF-VAL	1	1
translatepredicate.metta	OUT	translatePredicate	DIFF-VAL	1	1
translatorrule.metta	IN		DIFF-VAL	5	5
translatorrule_fib.metta	IN		DIFF-VAL	2	2
translatorrule_for.metta	IN		DIFF-VAL	2	2
twostage.metta	IN		AGREE	2	2
types.metta	IN		DIFF-VAL	13	13
types_dependent.metta	IN		DIFF-VAL	2	2
types_nondet.metta	IN		DIFF-COUNT	3	4
xor.metta	IN		AGREE	2	2
and_or.metta	IN		AGREE	1	1
atomops.metta	IN		DIFF-COUNT	9	10
booleansolver.metta	IN		DIFF-COUNT	2	0
builin_types.metta	IN		DIFF-COUNT	36	37
callquoteevalreduce.metta	IN		DIFF-COUNT	4	3
callquoteevalreduce2.metta	IN		DIFF-VAL	4	4
case.metta	IN		AGREE	1	1
case2.metta	IN		AGREE	1	1
caseconstrain.metta	IN		DIFF-COUNT	1	0
caseempty.metta	IN		AGREE	2	2
casenew.metta	IN		AGREE	1	1
chain.metta	IN		AGREE	2	2
collapse.metta	IN		AGREE	1	1
comments.metta	IN		AGREE	1	1
constanthead.metta	IN		AGREE	1	1
curry.metta	IN		DIFF-VAL	6	6
cut.metta	IN		DIFF-COUNT	2	3
empty.metta	IN		AGREE	1	1
eval.metta	IN		DIFF-VAL	2	2
factorial.metta	IN		AGREE	1	1
fib.metta	IN		AGREE	1	1
fibadd.metta	IN		DIFF-COUNT	2	1
fibsmart.metta	IN		AGREE	1	1
fibsmartimport.metta	IN		DIFF-COUNT	1	2
foldall.metta	IN		DIFF-COUNT	10	12
foldallmatch.metta	IN		AGREE	2	2
foldallspacecount.metta	IN		AGREE	1	1
forall.metta	IN		DIFF-COUNT	12	14
functionhead.metta	IN		DIFF-COUNT	2	0
functionhead2.metta	IN		DIFF-VAL	1	1
functionhead3.metta	IN		DIFF-VAL	6	6
functionremoval.metta	IN		DIFF-COUNT	8	15
functionremovalspec.metta	IN		DIFF-COUNT	6	12
functiontypes.metta	IN		DIFF-VAL	4	4
git_import.metta	OUT	git-import	DIFF-VAL	4	4
git_import2.metta	OUT	git-import	DIFF-COUNT	11	12
greedy_chess.metta	OUT	new-state	PETTA-TIMEOUT		
he_assert.metta	OUT	assertEqual	DIFF-COUNT	5	6
he_atomspace.metta	IN		DIFF-COUNT	7	9
he_equalreduct.metta	IN		DIFF-COUNT	4	6
he_error.metta	IN		DIFF-COUNT	5	6
he_evaluation.metta	IN		DIFF-COUNT	4	5
he_math.metta	IN		AGREE	19	19
he_minimalmetta.metta	IN		PETTA-TIMEOUT		
he_quoting.metta	IN		DIFF-COUNT	6	5
he_types.metta	IN		DIFF-COUNT	7	8
holbenchmark.metta	IN		LEATTA-TIMEOUT	4	
holfunctions.metta	IN		DIFF-VAL	7	7
holfunctions_intrinsicop.metta	IN		DIFF-COUNT	1	0
hyperpose_primes.metta	IN		DIFF-COUNT	3	6
identity.metta	IN		AGREE	1	1
if.metta	IN		AGREE	1	1
if2.metta	IN		AGREE	1	1
if3.metta	IN		AGREE	1	1
if4.metta	IN		AGREE	1	1
ifcasenondet.metta	IN		AGREE	2	2
ifsimple.metta	IN		AGREE	1	1
invertfunction.metta	IN		DIFF-VAL	3	3
invertpeanoplus.metta	IN		DIFF-VAL	5	5
is_alpha_member_test.metta	IN		DIFF-COUNT	25	23
iter.metta	IN		AGREE	1	1
lambda.metta	IN		DIFF-VAL	7	7
let_superpose_if_case.metta	IN		AGREE	1	1
letext.metta	IN		AGREE	1	1
letlet.metta	IN		AGREE	1	1
letstar.metta	IN		AGREE	1	1
library.metta	IN		DIFF-COUNT	2	1
listhead.metta	IN		DIFF-COUNT	3	2
llm_cities.metta	OUT	sread	DIFF-COUNT	3	4
logicprog.metta	IN		AGREE	1	1
logicprogset.metta	IN		DIFF-COUNT	1	0
matchnested.metta	IN		DIFF-VAL	1	1
matchnested2.metta	IN		DIFF-VAL	1	1
matchsingle.metta	IN		DIFF-VAL	2	2
matchtypes.metta	IN		DIFF-COUNT	6	20
matespace.metta	IN		LEATTA-TIMEOUT	1	
matespace2.metta	IN		DIFF-VAL	1	1
matespacefast.metta	IN		LEATTA-TIMEOUT	1	
math.metta	IN		AGREE	19	19
meta_types.metta	IN		DIFF-VAL	6	6
metta4_prog.metta	IN		DIFF-VAL	3	3
metta4_streams.metta	IN		DIFF-COUNT	5	8
mettaset.metta	IN		DIFF-VAL	9	9
multicall.metta	IN		AGREE	1	1
multiset_operations.metta	IN		AGREE	4	4
mutex_and_transaction.metta	IN		DIFF-VAL	8	8
myinterpreter.metta	IN		DIFF-COUNT	4	0
nars_direct.metta	IN		DIFF-COUNT	7	4
nars_tuffy.metta	IN		DIFF-COUNT	1	2
nestedcons.metta	IN		DIFF-COUNT	1	0
nilbc.metta	IN		DIFF-COUNT	25	28
once.metta	IN		DIFF-COUNT	2	3
parametric_types.metta	IN		DIFF-COUNT	1	3
parse.metta	IN		DIFF-VAL	5	5
partialdef.metta	IN		DIFF-VAL	2	2
patrick_iterate_fib.metta	IN		AGREE	2	2
patrick_iterate_quad.metta	IN		DIFF-VAL	2	2
patrick_test.metta	IN		DIFF-COUNT	4	3
peano.metta	IN		LEATTA-TIMEOUT	1	
peanofast.metta	IN		LEATTA-TIMEOUT	2	
permutations.metta	IN		LEATTA-TIMEOUT	1	
pln_direct.metta	IN		DIFF-COUNT	7	4
pln_roman.metta	IN		DIFF-COUNT	1	2
pln_tuffy.metta	IN		DIFF-COUNT	1	2
plntest.metta	IN		AGREE	1	1
plntestdirect.metta	IN		LEATTA-TIMEOUT	1	
prologimport.metta	OUT	import_prolog	DIFF-VAL	17	17
python.metta	OUT	py-call	DIFF-VAL	1	1
python_import.metta	OUT	py-call	DIFF-COUNT	2	3
recursive_types.metta	IN		DIFF-VAL	4	4
recursive_types2.metta	IN		AGREE	2	2
repl.metta	IN		PETTA-TIMEOUT		
repr.metta	IN		DIFF-VAL	6	6
roman_test.metta	IN		DIFF-COUNT	20	27
scale.metta	IN		DIFF-VAL	1	1
selfprog.metta	IN		DIFF-VAL	4	4
smartdispatch.metta	IN		AGREE	1	1
spacefunction.metta	IN		AGREE	8	8
spaces.metta	IN		AGREE	1	1
spaces2.metta	IN		DIFF-VAL	3	3
spaces3.metta	IN		DIFF-VAL	7	7
spaces_find.metta	IN		DIFF-COUNT	1	2
spaces_removeallatoms.metta	IN		LEATTA-TIMEOUT	5	
spaces_succeedspredicate.metta	IN		DIFF-COUNT	3	2
specialize.metta	IN		DIFF-COUNT	12	4
specializecyclic.metta	IN		DIFF-COUNT	4	2
specializefunctiontypes.metta	IN		DIFF-COUNT	3	1
state.metta	OUT	new-state	DIFF-VAL	4	4
streamops.metta	IN		AGREE	4	4
string.metta	IN		AGREE	1	1
supercollapse.metta	IN		AGREE	1	1
superpose_nested.metta	IN		AGREE	1	1
superpose_primes.metta	IN		AGREE	1	1
tabling_fib.metta	IN		DIFF-VAL	3	3
test_alpha_unique_atom.metta	IN		AGREE	13	13
test_backward_v01.metta	IN		DIFF-COUNT	3	6
test_backward_v02.metta	IN		AGREE	2	2
test_backward_v03.metta	IN		AGREE	5	5
test_backward_v04.metta	IN		AGREE	5	5
test_backward_v05.metta	IN		AGREE	5	5
test_backward_v06.metta	IN		DIFF-VAL	7	7
test_backward_v06_fixed.metta	IN		AGREE	7	7
test_backward_v07.metta	IN		AGREE	5	5
test_backward_v08.metta	IN		AGREE	5	5
test_backward_v09.metta	IN		AGREE	10	10
test_collapse.metta	IN		AGREE	5	5
test_deduce_raw.metta	IN		AGREE	3	3
test_evidence_kind.metta	IN		DIFF-COUNT	5	6
test_evidence_kind_import.metta	IN		AGREE	6	6
test_evidence_kind_inline.metta	IN		AGREE	5	5
test_let_match.metta	IN		AGREE	3	3
test_match_3arg.metta	IN		DIFF-VAL	3	3
test_match_simple.metta	IN		DIFF-VAL	5	5
test_match_simple2.metta	IN		AGREE	1	1
test_nal_import.metta	IN		DIFF-VAL	5	5
test_nal_test_primitive.metta	IN		AGREE	9	9
test_nal_v032.metta	IN		AGREE	7	7
test_nal_v033.metta	IN		AGREE	5	5
test_nal_v034.metta	IN		AGREE	7	7
test_protocosmoMain.metta	IN		AGREE	2	2
test_string_comments.metta	IN		DIFF-VAL	11	11
test_stv_match.metta	IN		AGREE	2	2
test_ulc_accessors.metta	IN		AGREE	3	3
test_unify_eval_branches.metta	IN		DIFF-VAL	6	6
tests.metta	IN		AGREE	1	1
tilepuzzle.metta	IN		LEATTA-TIMEOUT	1	
torch.metta	OUT	py-call	DIFF-VAL	1	1
translatepredicate.metta	OUT	translatePredicate	DIFF-VAL	1	1
translatorrule.metta	IN		DIFF-VAL	5	5
translatorrule_fib.metta	IN		DIFF-VAL	2	2
translatorrule_for.metta	IN		DIFF-VAL	2	2
twostage.metta	IN		AGREE	2	2
types.metta	IN		DIFF-VAL	13	13
types_dependent.metta	IN		DIFF-VAL	2	2
types_nondet.metta	IN		DIFF-COUNT	3	4
xor.metta	IN		AGREE	2	2
pln_direct.metta	IN		DIFF-COUNT	7	4
plntest.metta	IN		AGREE	1	1
plntestdirect.metta	IN		LEATTA-TIMEOUT	1	
test_stv_match.metta	IN		AGREE	2	2
test_deduce_raw.metta	IN		AGREE	3	3
test_evidence_kind_inline.metta	IN		AGREE	5	5
hyperpose_primes.metta	IN		DIFF-COUNT	3	6
chain.metta	IN		AGREE	2	2
foldallspacecount.metta	IN		AGREE	1	1
matespace.metta	IN		LEATTA-TIMEOUT	1	
matespace2.metta	IN		DIFF-VAL	1	1
spaces_find.metta	IN		DIFF-COUNT	1	2
pln_direct.metta	IN		DIFF-COUNT	7	4
plntest.metta	IN		AGREE	1	1
plntestdirect.metta	IN		LEATTA-TIMEOUT	1	
test_stv_match.metta	IN		AGREE	2	2
test_deduce_raw.metta	IN		AGREE	3	3
test_evidence_kind_inline.metta	IN		AGREE	5	5
hyperpose_primes.metta	IN		DIFF-COUNT	3	6
chain.metta	IN		AGREE	2	2
foldallspacecount.metta	IN		AGREE	1	1
matespace.metta	IN		LEATTA-TIMEOUT	1	
matespace2.metta	IN		DIFF-VAL	1	1
spaces_find.metta	IN		DIFF-COUNT	1	2
pln_direct.metta	IN		DIFF-COUNT	7	4
plntest.metta	IN		AGREE	1	1
plntestdirect.metta	IN		LEATTA-TIMEOUT	1	
test_stv_match.metta	IN		AGREE	2	2
test_deduce_raw.metta	IN		AGREE	3	3
test_evidence_kind_inline.metta	IN		AGREE	5	5
hyperpose_primes.metta	IN		DIFF-COUNT	3	6
chain.metta	IN		AGREE	2	2
foldallspacecount.metta	IN		AGREE	1	1
matespace.metta	IN		LEATTA-TIMEOUT	1	
matespace2.metta	IN		DIFF-VAL	1	1
spaces_find.metta	IN		DIFF-COUNT	1	2
pln_direct.metta	IN		DIFF-COUNT	7	4
plntest.metta	IN		AGREE	1	1
plntestdirect.metta	IN		LEATTA-TIMEOUT	1	
test_stv_match.metta	IN		AGREE	2	2
test_deduce_raw.metta	IN		AGREE	3	3
test_evidence_kind_inline.metta	IN		AGREE	5	5
hyperpose_primes.metta	IN		DIFF-COUNT	3	6
chain.metta	IN		AGREE	2	2
foldallspacecount.metta	IN		AGREE	1	1
matespace.metta	IN		LEATTA-TIMEOUT	1	
matespace2.metta	IN		DIFF-VAL	1	1
spaces_find.metta	IN		DIFF-COUNT	1	2
and_or.metta	IN		AGREE	1	1
atomops.metta	IN		DIFF-COUNT	9	10
booleansolver.metta	IN		DIFF-COUNT	2	0
builin_types.metta	IN		DIFF-COUNT	36	37
callquoteevalreduce.metta	IN		DIFF-COUNT	4	3
callquoteevalreduce2.metta	IN		DIFF-VAL	4	4
case.metta	IN		AGREE	1	1
case2.metta	IN		AGREE	1	1
caseconstrain.metta	IN		DIFF-COUNT	1	0
caseempty.metta	IN		AGREE	2	2
casenew.metta	IN		AGREE	1	1
chain.metta	IN		AGREE	2	2
collapse.metta	IN		AGREE	1	1
comments.metta	IN		AGREE	1	1
constanthead.metta	IN		AGREE	1	1
curry.metta	IN		DIFF-VAL	6	6
cut.metta	IN		DIFF-COUNT	2	3
empty.metta	IN		AGREE	1	1
eval.metta	IN		DIFF-VAL	2	2
factorial.metta	IN		AGREE	1	1
fib.metta	IN		AGREE	1	1
fibadd.metta	IN		DIFF-COUNT	2	1
fibsmart.metta	IN		AGREE	1	1
fibsmartimport.metta	IN		DIFF-COUNT	1	2
foldall.metta	IN		DIFF-COUNT	10	12
foldallmatch.metta	IN		AGREE	2	2
foldallspacecount.metta	IN		AGREE	1	1
forall.metta	IN		DIFF-COUNT	12	14
functionhead.metta	IN		DIFF-COUNT	2	0
functionhead2.metta	IN		DIFF-VAL	1	1
functionhead3.metta	IN		DIFF-VAL	6	6
functionremoval.metta	IN		DIFF-COUNT	8	15
functionremovalspec.metta	IN		DIFF-COUNT	6	12
functiontypes.metta	IN		DIFF-VAL	4	4
git_import.metta	OUT	git-import	DIFF-VAL	4	4
git_import2.metta	OUT	git-import	DIFF-COUNT	11	12
greedy_chess.metta	OUT	new-state	PETTA-TIMEOUT		
he_assert.metta	OUT	assertEqual	DIFF-COUNT	5	6
he_atomspace.metta	IN		DIFF-COUNT	7	9
he_equalreduct.metta	IN		DIFF-COUNT	4	6
he_error.metta	IN		DIFF-COUNT	5	6
he_evaluation.metta	IN		DIFF-COUNT	4	5
he_math.metta	IN		AGREE	19	19
he_minimalmetta.metta	IN		PETTA-TIMEOUT		
he_quoting.metta	IN		DIFF-COUNT	6	5
he_types.metta	IN		DIFF-COUNT	7	8
holbenchmark.metta	IN		LEATTA-TIMEOUT	4	
holfunctions.metta	IN		DIFF-VAL	7	7
holfunctions_intrinsicop.metta	IN		DIFF-COUNT	1	0
hyperpose_primes.metta	IN		DIFF-COUNT	3	6
identity.metta	IN		AGREE	1	1
if.metta	IN		AGREE	1	1
if2.metta	IN		AGREE	1	1
if3.metta	IN		AGREE	1	1
if4.metta	IN		AGREE	1	1
ifcasenondet.metta	IN		AGREE	2	2
ifsimple.metta	IN		AGREE	1	1
invertfunction.metta	IN		DIFF-VAL	3	3
invertpeanoplus.metta	IN		DIFF-VAL	5	5
is_alpha_member_test.metta	IN		DIFF-COUNT	25	23
iter.metta	IN		AGREE	1	1
lambda.metta	IN		DIFF-VAL	7	7
let_superpose_if_case.metta	IN		AGREE	1	1
letext.metta	IN		AGREE	1	1
letlet.metta	IN		AGREE	1	1
letstar.metta	IN		AGREE	1	1
library.metta	IN		DIFF-COUNT	2	1
listhead.metta	IN		DIFF-COUNT	3	2
llm_cities.metta	OUT	sread	DIFF-COUNT	3	4
logicprog.metta	IN		AGREE	1	1
logicprogset.metta	IN		DIFF-COUNT	1	0
matchnested.metta	IN		DIFF-VAL	1	1
matchnested2.metta	IN		DIFF-VAL	1	1
matchsingle.metta	IN		DIFF-VAL	2	2
matchtypes.metta	IN		DIFF-COUNT	6	20
matespace.metta	IN		LEATTA-TIMEOUT	1	
matespace2.metta	IN		DIFF-VAL	1	1
matespacefast.metta	IN		LEATTA-TIMEOUT	1	
math.metta	IN		AGREE	19	19
meta_types.metta	IN		DIFF-VAL	6	6
metta4_prog.metta	IN		DIFF-VAL	3	3
metta4_streams.metta	IN		DIFF-COUNT	5	8
mettaset.metta	IN		DIFF-VAL	9	9
multicall.metta	IN		AGREE	1	1
multiset_operations.metta	IN		AGREE	4	4
mutex_and_transaction.metta	IN		DIFF-VAL	8	8
myinterpreter.metta	IN		DIFF-COUNT	4	0
nars_direct.metta	IN		DIFF-COUNT	7	4
nars_tuffy.metta	IN		DIFF-COUNT	1	2
nestedcons.metta	IN		DIFF-COUNT	1	0
nilbc.metta	IN		DIFF-COUNT	25	28
once.metta	IN		DIFF-COUNT	2	3
parametric_types.metta	IN		DIFF-COUNT	1	3
parse.metta	IN		DIFF-VAL	5	5
partialdef.metta	IN		DIFF-VAL	2	2
patrick_iterate_fib.metta	IN		AGREE	2	2
patrick_iterate_quad.metta	IN		DIFF-VAL	2	2
patrick_test.metta	IN		DIFF-COUNT	4	3
peano.metta	IN		LEATTA-TIMEOUT	1	
peanofast.metta	IN		LEATTA-TIMEOUT	2	
permutations.metta	IN		LEATTA-TIMEOUT	1	
pln_direct.metta	IN		DIFF-COUNT	7	4
pln_roman.metta	IN		DIFF-COUNT	1	2
pln_tuffy.metta	IN		DIFF-COUNT	1	2
plntest.metta	IN		AGREE	1	1
plntestdirect.metta	IN		LEATTA-TIMEOUT	1	
prologimport.metta	OUT	import_prolog	DIFF-VAL	17	17
python.metta	OUT	py-call	DIFF-VAL	1	1
python_import.metta	OUT	py-call	DIFF-COUNT	2	3
recursive_types.metta	IN		DIFF-VAL	4	4
recursive_types2.metta	IN		AGREE	2	2
repl.metta	IN		PETTA-TIMEOUT		
repr.metta	IN		DIFF-VAL	6	6
roman_test.metta	IN		DIFF-COUNT	20	27
scale.metta	IN		DIFF-VAL	1	1
selfprog.metta	IN		DIFF-VAL	4	4
smartdispatch.metta	IN		AGREE	1	1
spacefunction.metta	IN		AGREE	8	8
spaces.metta	IN		AGREE	1	1
spaces2.metta	IN		DIFF-VAL	3	3
spaces3.metta	IN		DIFF-VAL	7	7
spaces_find.metta	IN		DIFF-COUNT	1	2
spaces_removeallatoms.metta	IN		LEATTA-TIMEOUT	5	
spaces_succeedspredicate.metta	IN		DIFF-COUNT	3	2
specialize.metta	IN		DIFF-COUNT	12	4
specializecyclic.metta	IN		DIFF-COUNT	4	2
specializefunctiontypes.metta	IN		DIFF-COUNT	3	1
state.metta	OUT	new-state	DIFF-VAL	4	4
streamops.metta	IN		AGREE	4	4
string.metta	IN		AGREE	1	1
supercollapse.metta	IN		AGREE	1	1
superpose_nested.metta	IN		AGREE	1	1
superpose_primes.metta	IN		AGREE	1	1
tabling_fib.metta	IN		AGREE	3	3
test_alpha_unique_atom.metta	IN		AGREE	13	13
test_backward_v01.metta	IN		DIFF-COUNT	3	6
test_backward_v02.metta	IN		AGREE	2	2
test_backward_v03.metta	IN		AGREE	5	5
test_backward_v04.metta	IN		AGREE	5	5
test_backward_v05.metta	IN		AGREE	5	5
test_backward_v06.metta	IN		DIFF-VAL	7	7
test_backward_v06_fixed.metta	IN		AGREE	7	7
test_backward_v07.metta	IN		AGREE	5	5
test_backward_v08.metta	IN		AGREE	5	5
test_backward_v09.metta	IN		AGREE	10	10
test_collapse.metta	IN		AGREE	5	5
test_deduce_raw.metta	IN		AGREE	3	3
test_evidence_kind.metta	IN		DIFF-COUNT	5	6
test_evidence_kind_import.metta	IN		AGREE	6	6
test_evidence_kind_inline.metta	IN		AGREE	5	5
test_let_match.metta	IN		AGREE	3	3
test_match_3arg.metta	IN		DIFF-VAL	3	3
test_match_simple.metta	IN		DIFF-VAL	5	5
test_match_simple2.metta	IN		AGREE	1	1
test_nal_import.metta	IN		DIFF-VAL	5	5
test_nal_test_primitive.metta	IN		AGREE	9	9
test_nal_v032.metta	IN		AGREE	7	7
test_nal_v033.metta	IN		AGREE	5	5
test_nal_v034.metta	IN		AGREE	7	7
test_protocosmoMain.metta	IN		AGREE	2	2
test_string_comments.metta	IN		DIFF-VAL	11	11
test_stv_match.metta	IN		AGREE	2	2
test_ulc_accessors.metta	IN		AGREE	3	3
test_unify_eval_branches.metta	IN		DIFF-VAL	6	6
tests.metta	IN		AGREE	1	1
tilepuzzle.metta	IN		LEATTA-TIMEOUT	1	
torch.metta	OUT	py-call	DIFF-VAL	1	1
translatepredicate.metta	OUT	translatePredicate	DIFF-VAL	1	1
translatorrule.metta	IN		DIFF-VAL	5	5
translatorrule_fib.metta	IN		DIFF-VAL	2	2
translatorrule_for.metta	IN		DIFF-VAL	2	2
twostage.metta	IN		AGREE	2	2
types.metta	IN		DIFF-VAL	13	13
types_dependent.metta	IN		DIFF-VAL	2	2
types_nondet.metta	IN		DIFF-COUNT	3	4
xor.metta	IN		AGREE	2	2
pln_direct.metta	IN		DIFF-COUNT	7	4
plntest.metta	IN		AGREE	1	1
plntestdirect.metta	IN		LEATTA-TIMEOUT	1	
test_stv_match.metta	IN		AGREE	2	2
test_deduce_raw.metta	IN		AGREE	3	3
test_evidence_kind_inline.metta	IN		AGREE	5	5
hyperpose_primes.metta	IN		DIFF-COUNT	3	6
chain.metta	IN		AGREE	2	2
foldallspacecount.metta	IN		AGREE	1	1
matespace.metta	IN		LEATTA-TIMEOUT	1	
matespace2.metta	IN		DIFF-VAL	1	1
spaces_find.metta	IN		DIFF-COUNT	1	2
and_or.metta	IN		AGREE	1	1
atomops.metta	IN		DIFF-COUNT	9	10
booleansolver.metta	IN		DIFF-COUNT	2	0
builin_types.metta	IN		DIFF-COUNT	36	37
callquoteevalreduce.metta	IN		DIFF-COUNT	4	3
callquoteevalreduce2.metta	IN		DIFF-VAL	4	4
case.metta	IN		AGREE	1	1
case2.metta	IN		AGREE	1	1
caseconstrain.metta	IN		DIFF-COUNT	1	0
caseempty.metta	IN		AGREE	2	2
casenew.metta	IN		AGREE	1	1
chain.metta	IN		AGREE	2	2
collapse.metta	IN		AGREE	1	1
comments.metta	IN		AGREE	1	1
constanthead.metta	IN		AGREE	1	1
curry.metta	IN		DIFF-VAL	6	6
cut.metta	IN		DIFF-COUNT	2	3
empty.metta	IN		AGREE	1	1
eval.metta	IN		DIFF-VAL	2	2
factorial.metta	IN		AGREE	1	1
fib.metta	IN		AGREE	1	1
fibadd.metta	IN		DIFF-COUNT	2	1
fibsmart.metta	IN		AGREE	1	1
fibsmartimport.metta	IN		DIFF-COUNT	1	2
foldall.metta	IN		DIFF-COUNT	10	12
foldallmatch.metta	IN		AGREE	2	2
foldallspacecount.metta	IN		AGREE	1	1
forall.metta	IN		DIFF-COUNT	12	14
functionhead.metta	IN		DIFF-COUNT	2	0
functionhead2.metta	IN		DIFF-VAL	1	1
functionhead3.metta	IN		DIFF-VAL	6	6
functionremoval.metta	IN		DIFF-COUNT	8	15
functionremovalspec.metta	IN		DIFF-COUNT	6	12
functiontypes.metta	IN		DIFF-VAL	4	4
git_import.metta	OUT	git-import	DIFF-VAL	4	4
git_import2.metta	OUT	git-import	DIFF-COUNT	11	12
greedy_chess.metta	OUT	new-state	PETTA-TIMEOUT		
he_assert.metta	OUT	assertEqual	DIFF-COUNT	5	6
he_atomspace.metta	IN		DIFF-COUNT	7	9
he_equalreduct.metta	IN		DIFF-COUNT	4	6
he_error.metta	IN		DIFF-COUNT	5	6
he_evaluation.metta	IN		DIFF-COUNT	4	5
he_math.metta	IN		AGREE	19	19
he_minimalmetta.metta	IN		PETTA-TIMEOUT		
he_quoting.metta	IN		DIFF-COUNT	6	5
he_types.metta	IN		DIFF-COUNT	7	8
holbenchmark.metta	IN		LEATTA-TIMEOUT	4	
holfunctions.metta	IN		DIFF-VAL	7	7
holfunctions_intrinsicop.metta	IN		DIFF-COUNT	1	0
hyperpose_primes.metta	IN		DIFF-COUNT	3	6
identity.metta	IN		AGREE	1	1
if.metta	IN		AGREE	1	1
if2.metta	IN		AGREE	1	1
if3.metta	IN		AGREE	1	1
if4.metta	IN		AGREE	1	1
ifcasenondet.metta	IN		AGREE	2	2
ifsimple.metta	IN		AGREE	1	1
invertfunction.metta	IN		DIFF-VAL	3	3
invertpeanoplus.metta	IN		DIFF-VAL	5	5
is_alpha_member_test.metta	IN		DIFF-COUNT	25	23
iter.metta	IN		AGREE	1	1
lambda.metta	IN		DIFF-VAL	7	7
let_superpose_if_case.metta	IN		AGREE	1	1
letext.metta	IN		AGREE	1	1
letlet.metta	IN		AGREE	1	1
letstar.metta	IN		AGREE	1	1
library.metta	IN		DIFF-COUNT	2	1
listhead.metta	IN		DIFF-COUNT	3	2
llm_cities.metta	OUT	sread	DIFF-COUNT	3	4
logicprog.metta	IN		AGREE	1	1
logicprogset.metta	IN		DIFF-COUNT	1	0
matchnested.metta	IN		DIFF-VAL	1	1
matchnested2.metta	IN		DIFF-VAL	1	1
matchsingle.metta	IN		DIFF-VAL	2	2
matchtypes.metta	IN		DIFF-COUNT	6	20
matespace.metta	IN		LEATTA-TIMEOUT	1	
matespace2.metta	IN		DIFF-VAL	1	1
matespacefast.metta	IN		LEATTA-TIMEOUT	1	
math.metta	IN		AGREE	19	19
meta_types.metta	IN		DIFF-VAL	6	6
metta4_prog.metta	IN		DIFF-VAL	3	3
metta4_streams.metta	IN		DIFF-COUNT	5	8
mettaset.metta	IN		DIFF-VAL	9	9
multicall.metta	IN		AGREE	1	1
multiset_operations.metta	IN		AGREE	4	4
mutex_and_transaction.metta	IN		DIFF-VAL	8	8
myinterpreter.metta	IN		DIFF-COUNT	4	0
nars_direct.metta	IN		DIFF-COUNT	7	4
nars_tuffy.metta	IN		DIFF-COUNT	1	2
nestedcons.metta	IN		DIFF-COUNT	1	0
nilbc.metta	IN		DIFF-COUNT	25	28
once.metta	IN		DIFF-COUNT	2	3
parametric_types.metta	IN		DIFF-COUNT	1	3
parse.metta	IN		DIFF-VAL	5	5
partialdef.metta	IN		DIFF-VAL	2	2
patrick_iterate_fib.metta	IN		AGREE	2	2
patrick_iterate_quad.metta	IN		DIFF-VAL	2	2
patrick_test.metta	IN		DIFF-COUNT	4	3
peano.metta	IN		LEATTA-TIMEOUT	1	
peanofast.metta	IN		LEATTA-TIMEOUT	2	
permutations.metta	IN		LEATTA-TIMEOUT	1	
pln_direct.metta	IN		DIFF-COUNT	7	4
pln_roman.metta	IN		DIFF-COUNT	1	2
pln_tuffy.metta	IN		DIFF-COUNT	1	2
plntest.metta	IN		AGREE	1	1
plntestdirect.metta	IN		LEATTA-TIMEOUT	1	
prologimport.metta	OUT	import_prolog	DIFF-VAL	17	17
python.metta	OUT	py-call	DIFF-VAL	1	1
python_import.metta	OUT	py-call	DIFF-COUNT	2	3
recursive_types.metta	IN		DIFF-VAL	4	4
recursive_types2.metta	IN		AGREE	2	2
repl.metta	IN		PETTA-TIMEOUT		
repr.metta	IN		DIFF-VAL	6	6
roman_test.metta	IN		DIFF-COUNT	20	27
scale.metta	IN		DIFF-VAL	1	1
selfprog.metta	IN		DIFF-VAL	4	4
smartdispatch.metta	IN		AGREE	1	1
spacefunction.metta	IN		AGREE	8	8
spaces.metta	IN		AGREE	1	1
spaces2.metta	IN		DIFF-VAL	3	3
spaces3.metta	IN		DIFF-VAL	7	7
spaces_find.metta	IN		DIFF-COUNT	1	2
spaces_removeallatoms.metta	IN		LEATTA-TIMEOUT	5	
spaces_succeedspredicate.metta	IN		DIFF-COUNT	3	2
specialize.metta	IN		DIFF-COUNT	12	4
specializecyclic.metta	IN		DIFF-COUNT	4	2
specializefunctiontypes.metta	IN		DIFF-COUNT	3	1
state.metta	OUT	new-state	DIFF-VAL	4	4
streamops.metta	IN		AGREE	4	4
string.metta	IN		AGREE	1	1
supercollapse.metta	IN		AGREE	1	1
superpose_nested.metta	IN		AGREE	1	1
superpose_primes.metta	IN		AGREE	1	1
tabling_fib.metta	IN		AGREE	3	3
test_alpha_unique_atom.metta	IN		AGREE	13	13
test_backward_v01.metta	IN		DIFF-COUNT	3	6
test_backward_v02.metta	IN		AGREE	2	2
test_backward_v03.metta	IN		AGREE	5	5
test_backward_v04.metta	IN		AGREE	5	5
test_backward_v05.metta	IN		AGREE	5	5
test_backward_v06.metta	IN		DIFF-VAL	7	7
test_backward_v06_fixed.metta	IN		AGREE	7	7
test_backward_v07.metta	IN		AGREE	5	5
test_backward_v08.metta	IN		AGREE	5	5
test_backward_v09.metta	IN		AGREE	10	10
test_collapse.metta	IN		AGREE	5	5
test_deduce_raw.metta	IN		AGREE	3	3
test_evidence_kind.metta	IN		DIFF-COUNT	5	6
test_evidence_kind_import.metta	IN		AGREE	6	6
test_evidence_kind_inline.metta	IN		AGREE	5	5
test_let_match.metta	IN		AGREE	3	3
test_match_3arg.metta	IN		DIFF-VAL	3	3
test_match_simple.metta	IN		DIFF-VAL	5	5
test_match_simple2.metta	IN		AGREE	1	1
test_nal_import.metta	IN		DIFF-VAL	5	5
test_nal_test_primitive.metta	IN		AGREE	9	9
test_nal_v032.metta	IN		AGREE	7	7
test_nal_v033.metta	IN		AGREE	5	5
test_nal_v034.metta	IN		AGREE	7	7
test_protocosmoMain.metta	IN		AGREE	2	2
test_string_comments.metta	IN		DIFF-VAL	11	11
test_stv_match.metta	IN		AGREE	2	2
test_ulc_accessors.metta	IN		AGREE	3	3
test_unify_eval_branches.metta	IN		DIFF-VAL	6	6
tests.metta	IN		AGREE	1	1
tilepuzzle.metta	IN		LEATTA-TIMEOUT	1	
torch.metta	OUT	py-call	DIFF-VAL	1	1
translatepredicate.metta	OUT	translatePredicate	DIFF-VAL	1	1
translatorrule.metta	IN		DIFF-VAL	5	5
translatorrule_fib.metta	IN		DIFF-VAL	2	2
translatorrule_for.metta	IN		DIFF-VAL	2	2
twostage.metta	IN		AGREE	2	2
types.metta	IN		DIFF-VAL	13	13
types_dependent.metta	IN		DIFF-VAL	2	2
types_nondet.metta	IN		DIFF-COUNT	3	4
xor.metta	IN		AGREE	2	2
types.metta	IN		DIFF-VAL	13	13
functiontypes.metta	IN		DIFF-VAL	4	4
pln_direct.metta	IN		DIFF-COUNT	7	4
plntest.metta	IN		AGREE	1	1
plntestdirect.metta	IN		LEATTA-TIMEOUT	1	
test_stv_match.metta	IN		AGREE	2	2
test_deduce_raw.metta	IN		AGREE	3	3
test_evidence_kind_inline.metta	IN		AGREE	5	5
hyperpose_primes.metta	IN		DIFF-COUNT	3	6
chain.metta	IN		AGREE	2	2
foldallspacecount.metta	IN		AGREE	1	1
matespace.metta	IN		LEATTA-TIMEOUT	1	
matespace2.metta	IN		DIFF-VAL	1	1
spaces_find.metta	IN		DIFF-COUNT	1	2
and_or.metta	IN		AGREE	1	1
atomops.metta	IN		DIFF-COUNT	9	10
booleansolver.metta	IN		DIFF-COUNT	2	0
builin_types.metta	IN		DIFF-COUNT	36	37
callquoteevalreduce.metta	IN		DIFF-COUNT	4	3
callquoteevalreduce2.metta	IN		DIFF-VAL	4	4
case.metta	IN		AGREE	1	1
case2.metta	IN		AGREE	1	1
caseconstrain.metta	IN		DIFF-COUNT	1	0
caseempty.metta	IN		AGREE	2	2
casenew.metta	IN		AGREE	1	1
chain.metta	IN		AGREE	2	2
collapse.metta	IN		AGREE	1	1
comments.metta	IN		AGREE	1	1
constanthead.metta	IN		AGREE	1	1
curry.metta	IN		DIFF-VAL	6	6
cut.metta	IN		DIFF-COUNT	2	3
empty.metta	IN		AGREE	1	1
eval.metta	IN		DIFF-VAL	2	2
factorial.metta	IN		AGREE	1	1
fib.metta	IN		LEATTA-TIMEOUT	1	
fibadd.metta	IN		DIFF-COUNT	2	1
fibsmart.metta	IN		AGREE	1	1
fibsmartimport.metta	IN		DIFF-COUNT	1	2
foldall.metta	IN		DIFF-COUNT	10	12
foldallmatch.metta	IN		AGREE	2	2
foldallspacecount.metta	IN		AGREE	1	1
forall.metta	IN		DIFF-COUNT	12	14
functionhead.metta	IN		DIFF-COUNT	2	0
functionhead2.metta	IN		DIFF-VAL	1	1
functionhead3.metta	IN		DIFF-VAL	6	6
functionremoval.metta	IN		DIFF-COUNT	8	15
functionremovalspec.metta	IN		DIFF-COUNT	6	12
functiontypes.metta	IN		DIFF-VAL	4	4
git_import.metta	OUT	git-import	DIFF-VAL	4	4
git_import2.metta	OUT	git-import	DIFF-COUNT	11	12
greedy_chess.metta	OUT	py-atom	PETTA-TIMEOUT		
he_assert.metta	IN		DIFF-COUNT	5	6
he_atomspace.metta	IN		DIFF-COUNT	7	9
he_equalreduct.metta	IN		DIFF-COUNT	4	6
he_error.metta	IN		DIFF-COUNT	5	6
he_evaluation.metta	IN		DIFF-COUNT	4	5
he_math.metta	IN		AGREE	19	19
he_minimalmetta.metta	IN		PETTA-TIMEOUT		
he_quoting.metta	IN		DIFF-COUNT	6	5
he_types.metta	IN		DIFF-COUNT	7	8
holbenchmark.metta	IN		LEATTA-TIMEOUT	4	
holfunctions.metta	IN		DIFF-VAL	7	7
holfunctions_intrinsicop.metta	IN		DIFF-COUNT	1	0
hyperpose_primes.metta	IN		DIFF-COUNT	3	6
identity.metta	IN		AGREE	1	1
if.metta	IN		AGREE	1	1
if2.metta	IN		AGREE	1	1
if3.metta	IN		AGREE	1	1
if4.metta	IN		AGREE	1	1
ifcasenondet.metta	IN		AGREE	2	2
ifsimple.metta	IN		AGREE	1	1
invertfunction.metta	IN		DIFF-VAL	3	3
invertpeanoplus.metta	IN		DIFF-VAL	5	5
is_alpha_member_test.metta	IN		DIFF-COUNT	25	23
iter.metta	IN		AGREE	1	1
lambda.metta	IN		DIFF-VAL	7	7
let_superpose_if_case.metta	IN		AGREE	1	1
letext.metta	IN		AGREE	1	1
letlet.metta	IN		AGREE	1	1
letstar.metta	IN		AGREE	1	1
library.metta	IN		DIFF-COUNT	2	1
listhead.metta	IN		DIFF-COUNT	3	2
llm_cities.metta	IN		DIFF-COUNT	3	4
logicprog.metta	IN		AGREE	1	1
logicprogset.metta	IN		DIFF-COUNT	1	0
matchnested.metta	IN		DIFF-VAL	1	1
matchnested2.metta	IN		DIFF-VAL	1	1
matchsingle.metta	IN		DIFF-VAL	2	2
matchtypes.metta	IN		DIFF-COUNT	6	20
matespace.metta	IN		LEATTA-TIMEOUT	1	
matespace2.metta	IN		DIFF-VAL	1	1
matespacefast.metta	IN		LEATTA-TIMEOUT	1	
math.metta	IN		AGREE	19	19
meta_types.metta	IN		DIFF-VAL	6	6
metta4_prog.metta	IN		DIFF-VAL	3	3
metta4_streams.metta	IN		DIFF-COUNT	5	8
mettaset.metta	IN		DIFF-VAL	9	9
multicall.metta	IN		AGREE	1	1
multiset_operations.metta	IN		AGREE	4	4
mutex_and_transaction.metta	IN		DIFF-VAL	8	8
myinterpreter.metta	IN		DIFF-COUNT	4	0
nars_direct.metta	IN		DIFF-COUNT	7	4
nars_tuffy.metta	IN		DIFF-COUNT	1	2
nestedcons.metta	IN		DIFF-COUNT	1	0
nilbc.metta	IN		DIFF-COUNT	25	28
once.metta	IN		DIFF-COUNT	2	3
parametric_types.metta	IN		DIFF-COUNT	1	3
parse.metta	IN		DIFF-VAL	5	5
partialdef.metta	IN		DIFF-VAL	2	2
patrick_iterate_fib.metta	IN		AGREE	2	2
patrick_iterate_quad.metta	IN		DIFF-VAL	2	2
patrick_test.metta	IN		DIFF-COUNT	4	3
peano.metta	IN		LEATTA-TIMEOUT	1	
peanofast.metta	IN		LEATTA-TIMEOUT	2	
permutations.metta	IN		LEATTA-TIMEOUT	1	
pln_direct.metta	IN		DIFF-COUNT	7	4
pln_roman.metta	IN		DIFF-COUNT	1	2
pln_tuffy.metta	IN		DIFF-COUNT	1	2
plntest.metta	IN		AGREE	1	1
plntestdirect.metta	IN		LEATTA-TIMEOUT	1	
prologimport.metta	OUT	import_prolog	DIFF-VAL	17	17
python.metta	OUT	py-call	DIFF-VAL	1	1
python_import.metta	OUT	py-call	DIFF-COUNT	2	3
recursive_types.metta	IN		DIFF-VAL	4	4
recursive_types2.metta	IN		AGREE	2	2
repl.metta	IN		PETTA-TIMEOUT		
repr.metta	IN		DIFF-VAL	6	6
roman_test.metta	IN		DIFF-COUNT	20	27
scale.metta	IN		DIFF-VAL	1	1
selfprog.metta	IN		DIFF-VAL	4	4
smartdispatch.metta	IN		AGREE	1	1
spacefunction.metta	IN		AGREE	8	8
spaces.metta	IN		AGREE	1	1
spaces2.metta	IN		DIFF-VAL	3	3
spaces3.metta	IN		DIFF-VAL	7	7
spaces_find.metta	IN		DIFF-COUNT	1	2
spaces_removeallatoms.metta	IN		LEATTA-TIMEOUT	5	
spaces_succeedspredicate.metta	IN		DIFF-COUNT	3	2
specialize.metta	IN		DIFF-COUNT	12	4
specializecyclic.metta	IN		DIFF-COUNT	4	2
specializefunctiontypes.metta	IN		DIFF-COUNT	3	1
state.metta	IN		AGREE	4	4
streamops.metta	IN		AGREE	4	4
string.metta	IN		AGREE	1	1
supercollapse.metta	IN		AGREE	1	1
superpose_nested.metta	IN		AGREE	1	1
superpose_primes.metta	IN		AGREE	1	1
tabling_fib.metta	IN		LEATTA-TIMEOUT	3	
test_alpha_unique_atom.metta	IN		AGREE	13	13
test_backward_v01.metta	IN		DIFF-COUNT	3	6
test_backward_v02.metta	IN		AGREE	2	2
test_backward_v03.metta	IN		AGREE	5	5
test_backward_v04.metta	IN		AGREE	5	5
test_backward_v05.metta	IN		AGREE	5	5
test_backward_v06.metta	IN		DIFF-VAL	7	7
test_backward_v06_fixed.metta	IN		AGREE	7	7
test_backward_v07.metta	IN		AGREE	5	5
test_backward_v08.metta	IN		AGREE	5	5
test_backward_v09.metta	IN		AGREE	10	10
test_collapse.metta	IN		AGREE	5	5
test_deduce_raw.metta	IN		AGREE	3	3
test_evidence_kind.metta	IN		DIFF-COUNT	5	6
test_evidence_kind_import.metta	IN		AGREE	6	6
test_evidence_kind_inline.metta	IN		AGREE	5	5
test_let_match.metta	IN		AGREE	3	3
test_match_3arg.metta	IN		DIFF-VAL	3	3
test_match_simple.metta	IN		DIFF-VAL	5	5
test_match_simple2.metta	IN		AGREE	1	1
test_nal_import.metta	IN		DIFF-VAL	5	5
test_nal_test_primitive.metta	IN		AGREE	9	9
test_nal_v032.metta	IN		AGREE	7	7
test_nal_v033.metta	IN		AGREE	5	5
test_nal_v034.metta	IN		AGREE	7	7
test_protocosmoMain.metta	IN		AGREE	2	2
test_string_comments.metta	IN		DIFF-VAL	11	11
test_stv_match.metta	IN		AGREE	2	2
test_ulc_accessors.metta	IN		AGREE	3	3
test_unify_eval_branches.metta	IN		DIFF-VAL	6	6
tests.metta	IN		AGREE	1	1
tilepuzzle.metta	IN		LEATTA-TIMEOUT	1	
torch.metta	OUT	py-call	DIFF-VAL	1	1
translatepredicate.metta	OUT	translatePredicate	DIFF-VAL	1	1
translatorrule.metta	IN		DIFF-VAL	5	5
translatorrule_fib.metta	IN		DIFF-VAL	2	2
translatorrule_for.metta	IN		DIFF-VAL	2	2
twostage.metta	IN		AGREE	2	2
types.metta	IN		DIFF-VAL	13	13
types_dependent.metta	IN		AGREE	2	2
types_nondet.metta	IN		DIFF-COUNT	3	4
xor.metta	IN		AGREE	2	2
pln_direct.metta	IN		DIFF-COUNT	7	4
plntest.metta	IN		AGREE	1	1
plntestdirect.metta	IN		LEATTA-TIMEOUT	1	
test_stv_match.metta	IN		AGREE	2	2
test_deduce_raw.metta	IN		AGREE	3	3
test_evidence_kind_inline.metta	IN		AGREE	5	5
hyperpose_primes.metta	IN		DIFF-VAL	3	3
chain.metta	IN		AGREE	2	2
foldallspacecount.metta	IN		AGREE	1	1
matespace.metta	IN		LEATTA-TIMEOUT	1	
matespace2.metta	IN		DIFF-VAL	1	1
spaces_find.metta	IN		DIFF-COUNT	1	2
and_or.metta	IN		AGREE	1	1
atomops.metta	IN		DIFF-VAL	9	9
booleansolver.metta	IN		DIFF-VAL	1	1
builin_types.metta	IN		DIFF-COUNT	36	37
callquoteevalreduce.metta	IN		DIFF-VAL	4	4
callquoteevalreduce2.metta	IN		DIFF-VAL	4	4
case.metta	IN		AGREE	1	1
case2.metta	IN		AGREE	1	1
caseconstrain.metta	IN		DIFF-VAL	1	1
caseempty.metta	IN		AGREE	2	2
casenew.metta	IN		AGREE	1	1
chain.metta	IN		AGREE	2	2
collapse.metta	IN		AGREE	1	1
comments.metta	IN		AGREE	1	1
constanthead.metta	IN		AGREE	1	1
curry.metta	IN		DIFF-VAL	6	6
cut.metta	IN		DIFF-COUNT	2	3
empty.metta	IN		AGREE	1	1
eval.metta	IN		DIFF-VAL	2	2
factorial.metta	IN		AGREE	1	1
fib.metta	IN		LEATTA-TIMEOUT	1	
fibadd.metta	IN		DIFF-COUNT	2	1
fibsmart.metta	IN		AGREE	1	1
fibsmartimport.metta	IN		DIFF-COUNT	1	2
foldall.metta	IN		DIFF-VAL	10	10
foldallmatch.metta	IN		AGREE	2	2
foldallspacecount.metta	IN		AGREE	1	1
forall.metta	IN		DIFF-VAL	12	12
functionhead.metta	IN		DIFF-VAL	2	2
functionhead2.metta	IN		DIFF-VAL	1	1
functionhead3.metta	IN		DIFF-VAL	6	6
functionremoval.metta	IN		DIFF-COUNT	8	14
functionremovalspec.metta	IN		DIFF-COUNT	5	7
functiontypes.metta	IN		DIFF-VAL	4	4
git_import.metta	OUT	git-import	DIFF-VAL	4	4
git_import2.metta	OUT	git-import	DIFF-COUNT	11	12
greedy_chess.metta	OUT	py-atom	PETTA-TIMEOUT		
he_assert.metta	IN		DIFF-COUNT	5	6
he_atomspace.metta	IN		DIFF-COUNT	8	9
he_equalreduct.metta	IN		DIFF-COUNT	4	5
he_error.metta	IN		DIFF-COUNT	5	6
he_evaluation.metta	IN		DIFF-COUNT	4	5
he_math.metta	IN		DIFF-VAL	19	19
he_minimalmetta.metta	IN		PETTA-TIMEOUT		
he_quoting.metta	IN		DIFF-COUNT	6	7
he_types.metta	IN		DIFF-COUNT	7	8
holbenchmark.metta	IN		LEATTA-TIMEOUT	4	
holfunctions.metta	IN		DIFF-VAL	7	7
holfunctions_intrinsicop.metta	IN		DIFF-VAL	1	1
hyperpose_primes.metta	IN		DIFF-VAL	3	3
identity.metta	IN		AGREE	1	1
if.metta	IN		AGREE	1	1
if2.metta	IN		AGREE	1	1
if3.metta	IN		AGREE	1	1
if4.metta	IN		AGREE	1	1
ifcasenondet.metta	IN		AGREE	2	2
ifsimple.metta	IN		AGREE	1	1
invertfunction.metta	IN		DIFF-VAL	3	3
invertpeanoplus.metta	IN		DIFF-VAL	5	5
is_alpha_member_test.metta	IN		DIFF-COUNT	25	23
iter.metta	IN		AGREE	1	1
lambda.metta	IN		DIFF-VAL	7	7
let_superpose_if_case.metta	IN		AGREE	1	1
letext.metta	IN		AGREE	1	1
letlet.metta	IN		AGREE	1	1
letstar.metta	IN		AGREE	1	1
library.metta	IN		DIFF-VAL	2	2
listhead.metta	IN		DIFF-VAL	3	3
llm_cities.metta	IN		DIFF-COUNT	3	4
logicprog.metta	IN		DIFF-VAL	1	1
logicprogset.metta	IN		DIFF-VAL	1	1
matchnested.metta	IN		DIFF-VAL	1	1
matchnested2.metta	IN		DIFF-VAL	1	1
matchsingle.metta	IN		DIFF-VAL	2	2
matchtypes.metta	IN		DIFF-COUNT	6	8
matespace.metta	IN		LEATTA-TIMEOUT	1	
matespace2.metta	IN		DIFF-VAL	1	1
matespacefast.metta	IN		LEATTA-TIMEOUT	1	
math.metta	IN		DIFF-VAL	19	19
meta_types.metta	IN		DIFF-VAL	6	6
metta4_prog.metta	IN		DIFF-VAL	3	3
metta4_streams.metta	IN		DIFF-COUNT	5	8
mettaset.metta	IN		DIFF-VAL	9	9
multicall.metta	IN		AGREE	1	1
multiset_operations.metta	IN		AGREE	4	4
mutex_and_transaction.metta	IN		DIFF-VAL	8	8
myinterpreter.metta	IN		DIFF-COUNT	4	2
nars_direct.metta	IN		DIFF-COUNT	7	4
nars_tuffy.metta	IN		DIFF-COUNT	0	2
nestedcons.metta	IN		DIFF-VAL	1	1
nilbc.metta	IN		DIFF-COUNT	25	28
once.metta	IN		DIFF-COUNT	2	3
parametric_types.metta	IN		DIFF-COUNT	1	3
parse.metta	IN		DIFF-VAL	5	5
partialdef.metta	IN		DIFF-VAL	2	2
patrick_iterate_fib.metta	IN		AGREE	2	2
patrick_iterate_quad.metta	IN		LEATTA-TIMEOUT	2	
patrick_test.metta	IN		DIFF-VAL	4	4
peano.metta	IN		LEATTA-TIMEOUT	1	
peanofast.metta	IN		LEATTA-TIMEOUT	2	
permutations.metta	IN		LEATTA-TIMEOUT	1	
pln_direct.metta	IN		DIFF-COUNT	7	4
pln_roman.metta	IN		DIFF-COUNT	1	2
pln_tuffy.metta	IN		DIFF-COUNT	1	2
plntest.metta	IN		AGREE	1	1
plntestdirect.metta	IN		LEATTA-TIMEOUT	1	
prologimport.metta	OUT	import_prolog	DIFF-COUNT	1	3
python.metta	OUT	py-call	DIFF-VAL	1	1
python_import.metta	OUT	py-call	DIFF-COUNT	2	3
recursive_types.metta	IN		DIFF-VAL	4	4
recursive_types2.metta	IN		DIFF-VAL	2	2
repl.metta	IN		PETTA-TIMEOUT		
repr.metta	IN		DIFF-VAL	6	6
roman_test.metta	IN		DIFF-COUNT	26	27
scale.metta	IN		LEATTA-TIMEOUT	1	
selfprog.metta	IN		DIFF-VAL	4	4
smartdispatch.metta	IN		AGREE	1	1
spacefunction.metta	IN		DIFF-VAL	8	8
spaces.metta	IN		AGREE	1	1
spaces2.metta	IN		DIFF-VAL	3	3
spaces3.metta	IN		DIFF-VAL	7	7
spaces_find.metta	IN		DIFF-COUNT	1	2
spaces_removeallatoms.metta	IN		LEATTA-TIMEOUT	5	
spaces_succeedspredicate.metta	IN		DIFF-VAL	3	3
specialize.metta	IN		DIFF-COUNT	12	11
specializecyclic.metta	IN		DIFF-COUNT	4	2
specializefunctiontypes.metta	IN		DIFF-VAL	3	3
state.metta	IN		AGREE	4	4
streamops.metta	IN		AGREE	4	4
string.metta	IN		LEATTA-NOOUT	0	
supercollapse.metta	IN		AGREE	1	1
superpose_nested.metta	IN		AGREE	1	1
superpose_primes.metta	IN		DIFF-VAL	1	1
tabling_fib.metta	IN		LEATTA-TIMEOUT	3	
test_alpha_unique_atom.metta	IN		DIFF-VAL	13	13
test_backward_v01.metta	IN		DIFF-COUNT	3	6
test_backward_v02.metta	IN		AGREE	2	2
test_backward_v03.metta	IN		AGREE	5	5
test_backward_v04.metta	IN		AGREE	5	5
test_backward_v05.metta	IN		AGREE	5	5
test_backward_v06.metta	IN		DIFF-VAL	7	7
test_backward_v06_fixed.metta	IN		AGREE	7	7
test_backward_v07.metta	IN		AGREE	5	5
test_backward_v08.metta	IN		AGREE	5	5
test_backward_v09.metta	IN		AGREE	10	10
test_collapse.metta	IN		AGREE	5	5
test_deduce_raw.metta	IN		AGREE	3	3
test_evidence_kind.metta	IN		DIFF-COUNT	5	6
test_evidence_kind_import.metta	IN		AGREE	6	6
test_evidence_kind_inline.metta	IN		AGREE	5	5
test_let_match.metta	IN		AGREE	3	3
test_match_3arg.metta	IN		AGREE	5	5
test_match_simple.metta	IN		DIFF-VAL	5	5
test_match_simple2.metta	IN		AGREE	1	1
test_nal_import.metta	IN		DIFF-VAL	5	5
test_nal_test_primitive.metta	IN		AGREE	10	10
test_nal_v032.metta	IN		AGREE	7	7
test_nal_v033.metta	IN		AGREE	5	5
test_nal_v034.metta	IN		AGREE	7	7
test_protocosmoMain.metta	IN		AGREE	3	3
test_string_comments.metta	IN		DIFF-COUNT	2	1
test_stv_match.metta	IN		AGREE	2	2
test_ulc_accessors.metta	IN		AGREE	3	3
test_unify_eval_branches.metta	IN		DIFF-VAL	6	6
tests.metta	IN		AGREE	1	1
tilepuzzle.metta	IN		LEATTA-TIMEOUT	1	
torch.metta	OUT	py-call	DIFF-VAL	1	1
translatepredicate.metta	OUT	translatePredicate	DIFF-VAL	1	1
translatorrule.metta	IN		DIFF-VAL	5	5
translatorrule_fib.metta	IN		DIFF-VAL	2	2
translatorrule_for.metta	IN		DIFF-VAL	2	2
twostage.metta	IN		AGREE	2	2
types.metta	IN		DIFF-VAL	13	13
types_dependent.metta	IN		DIFF-VAL	2	2
types_nondet.metta	IN		DIFF-VAL	4	4
xor.metta	IN		AGREE	2	2
pln_direct.metta	IN		DIFF-COUNT	7	4
plntest.metta	IN		AGREE	1	1
plntestdirect.metta	IN		LEATTA-TIMEOUT	1	
test_stv_match.metta	IN		AGREE	2	2
test_deduce_raw.metta	IN		AGREE	3	3
test_evidence_kind_inline.metta	IN		AGREE	5	5
hyperpose_primes.metta	IN		DIFF-COUNT	3	6
chain.metta	IN		AGREE	2	2
foldallspacecount.metta	IN		AGREE	1	1
matespace.metta	IN		LEATTA-TIMEOUT	1	
matespace2.metta	IN		DIFF-VAL	1	1
spaces_find.metta	IN		DIFF-COUNT	1	2
and_or.metta	IN		AGREE	1	1
atomops.metta	IN		DIFF-COUNT	9	10
booleansolver.metta	IN		DIFF-COUNT	2	0
builin_types.metta	IN		DIFF-COUNT	36	37
callquoteevalreduce.metta	IN		DIFF-COUNT	4	3
callquoteevalreduce2.metta	IN		DIFF-VAL	4	4
case.metta	IN		AGREE	1	1
case2.metta	IN		AGREE	1	1
caseconstrain.metta	IN		DIFF-COUNT	1	0
caseempty.metta	IN		AGREE	2	2
casenew.metta	IN		AGREE	1	1
chain.metta	IN		AGREE	2	2
collapse.metta	IN		AGREE	1	1
comments.metta	IN		AGREE	1	1
constanthead.metta	IN		AGREE	1	1
curry.metta	IN		DIFF-VAL	6	6
cut.metta	IN		DIFF-COUNT	2	3
empty.metta	IN		AGREE	1	1
eval.metta	IN		DIFF-VAL	2	2
factorial.metta	IN		AGREE	1	1
fib.metta	IN		LEATTA-TIMEOUT	1	
fibadd.metta	IN		DIFF-COUNT	2	1
fibsmart.metta	IN		AGREE	1	1
fibsmartimport.metta	IN		DIFF-COUNT	1	2
foldall.metta	IN		DIFF-COUNT	10	12
foldallmatch.metta	IN		AGREE	2	2
foldallspacecount.metta	IN		AGREE	1	1
forall.metta	IN		DIFF-COUNT	12	14
functionhead.metta	IN		DIFF-COUNT	2	0
functionhead2.metta	IN		DIFF-VAL	1	1
functionhead3.metta	IN		DIFF-VAL	6	6
functionremoval.metta	IN		DIFF-COUNT	8	14
functionremovalspec.metta	IN		DIFF-COUNT	6	12
functiontypes.metta	IN		DIFF-VAL	4	4
git_import.metta	OUT	git-import	DIFF-VAL	4	4
git_import2.metta	OUT	git-import	DIFF-COUNT	11	12
greedy_chess.metta	OUT	py-atom	PETTA-TIMEOUT		
he_assert.metta	IN		DIFF-COUNT	5	6
he_atomspace.metta	IN		DIFF-COUNT	7	9
he_equalreduct.metta	IN		DIFF-COUNT	4	6
he_error.metta	IN		DIFF-COUNT	5	6
he_evaluation.metta	IN		DIFF-COUNT	4	5
he_math.metta	IN		AGREE	19	19
he_minimalmetta.metta	IN		PETTA-TIMEOUT		
he_quoting.metta	IN		DIFF-COUNT	6	5
he_types.metta	IN		DIFF-COUNT	7	8
holbenchmark.metta	IN		LEATTA-TIMEOUT	4	
holfunctions.metta	IN		DIFF-VAL	7	7
holfunctions_intrinsicop.metta	IN		DIFF-COUNT	1	0
hyperpose_primes.metta	IN		DIFF-COUNT	3	6
identity.metta	IN		AGREE	1	1
if.metta	IN		AGREE	1	1
if2.metta	IN		AGREE	1	1
if3.metta	IN		AGREE	1	1
if4.metta	IN		AGREE	1	1
ifcasenondet.metta	IN		AGREE	2	2
ifsimple.metta	IN		AGREE	1	1
invertfunction.metta	IN		DIFF-VAL	3	3
invertpeanoplus.metta	IN		DIFF-VAL	5	5
is_alpha_member_test.metta	IN		DIFF-COUNT	25	23
iter.metta	IN		AGREE	1	1
lambda.metta	IN		DIFF-VAL	7	7
let_superpose_if_case.metta	IN		AGREE	1	1
letext.metta	IN		AGREE	1	1
letlet.metta	IN		AGREE	1	1
letstar.metta	IN		AGREE	1	1
library.metta	IN		DIFF-COUNT	2	1
listhead.metta	IN		DIFF-COUNT	3	2
llm_cities.metta	IN		DIFF-COUNT	3	4
logicprog.metta	IN		DIFF-VAL	1	1
logicprogset.metta	IN		DIFF-COUNT	1	0
matchnested.metta	IN		DIFF-VAL	1	1
matchnested2.metta	IN		DIFF-VAL	1	1
matchsingle.metta	IN		DIFF-VAL	2	2
matchtypes.metta	IN		DIFF-COUNT	6	20
matespace.metta	IN		LEATTA-TIMEOUT	1	
matespace2.metta	IN		DIFF-VAL	1	1
matespacefast.metta	IN		LEATTA-TIMEOUT	1	
math.metta	IN		AGREE	19	19
meta_types.metta	IN		DIFF-VAL	6	6
metta4_prog.metta	IN		DIFF-VAL	3	3
metta4_streams.metta	IN		DIFF-COUNT	5	8
mettaset.metta	IN		DIFF-VAL	9	9
multicall.metta	IN		AGREE	1	1
multiset_operations.metta	IN		AGREE	4	4
mutex_and_transaction.metta	IN		DIFF-VAL	8	8
myinterpreter.metta	IN		DIFF-COUNT	4	0
nars_direct.metta	IN		DIFF-COUNT	7	4
nars_tuffy.metta	IN		DIFF-COUNT	0	2
nestedcons.metta	IN		DIFF-COUNT	1	0
nilbc.metta	IN		DIFF-COUNT	25	28
once.metta	IN		DIFF-COUNT	2	3
parametric_types.metta	IN		DIFF-COUNT	1	3
parse.metta	IN		DIFF-VAL	5	5
partialdef.metta	IN		DIFF-VAL	2	2
patrick_iterate_fib.metta	IN		AGREE	2	2
patrick_iterate_quad.metta	IN		LEATTA-TIMEOUT	2	
patrick_test.metta	IN		DIFF-COUNT	4	3
peano.metta	IN		LEATTA-TIMEOUT	1	
peanofast.metta	IN		LEATTA-TIMEOUT	2	
permutations.metta	IN		LEATTA-TIMEOUT	1	
pln_direct.metta	IN		DIFF-COUNT	7	4
pln_roman.metta	IN		DIFF-COUNT	1	2
pln_tuffy.metta	IN		DIFF-COUNT	1	2
plntest.metta	IN		AGREE	1	1
plntestdirect.metta	IN		LEATTA-TIMEOUT	1	
prologimport.metta	OUT	import_prolog	DIFF-COUNT	1	3
python.metta	OUT	py-call	DIFF-VAL	1	1
python_import.metta	OUT	py-call	DIFF-COUNT	2	3
recursive_types.metta	IN		DIFF-VAL	4	4
recursive_types2.metta	IN		AGREE	2	2
repl.metta	IN		PETTA-TIMEOUT		
repr.metta	IN		DIFF-VAL	6	6
roman_test.metta	IN		DIFF-COUNT	20	27
scale.metta	IN		LEATTA-TIMEOUT	1	
selfprog.metta	IN		DIFF-VAL	4	4
smartdispatch.metta	IN		AGREE	1	1
spacefunction.metta	IN		DIFF-VAL	8	8
spaces.metta	IN		AGREE	1	1
spaces2.metta	IN		DIFF-VAL	3	3
spaces3.metta	IN		DIFF-VAL	7	7
spaces_find.metta	IN		DIFF-COUNT	1	2
spaces_removeallatoms.metta	IN		LEATTA-TIMEOUT	5	
spaces_succeedspredicate.metta	IN		DIFF-COUNT	3	2
specialize.metta	IN		DIFF-COUNT	12	4
specializecyclic.metta	IN		DIFF-COUNT	4	2
specializefunctiontypes.metta	IN		DIFF-COUNT	3	1
state.metta	IN		AGREE	4	4
streamops.metta	IN		AGREE	4	4
string.metta	IN		DIFF-COUNT	0	1
supercollapse.metta	IN		AGREE	1	1
superpose_nested.metta	IN		AGREE	1	1
superpose_primes.metta	IN		DIFF-VAL	1	1
tabling_fib.metta	IN		LEATTA-TIMEOUT	3	
test_alpha_unique_atom.metta	IN		AGREE	13	13
test_backward_v01.metta	IN		DIFF-COUNT	3	6
test_backward_v02.metta	IN		AGREE	2	2
test_backward_v03.metta	IN		AGREE	5	5
test_backward_v04.metta	IN		AGREE	5	5
test_backward_v05.metta	IN		AGREE	5	5
test_backward_v06.metta	IN		DIFF-VAL	7	7
test_backward_v06_fixed.metta	IN		AGREE	7	7
test_backward_v07.metta	IN		AGREE	5	5
test_backward_v08.metta	IN		AGREE	5	5
test_backward_v09.metta	IN		AGREE	10	10
test_collapse.metta	IN		AGREE	5	5
test_deduce_raw.metta	IN		AGREE	3	3
test_evidence_kind.metta	IN		DIFF-COUNT	5	6
test_evidence_kind_import.metta	IN		AGREE	6	6
test_evidence_kind_inline.metta	IN		AGREE	5	5
test_let_match.metta	IN		AGREE	3	3
test_match_3arg.metta	IN		AGREE	3	3
test_match_simple.metta	IN		DIFF-VAL	5	5
test_match_simple2.metta	IN		AGREE	1	1
test_nal_import.metta	IN		DIFF-VAL	5	5
test_nal_test_primitive.metta	IN		AGREE	9	9
test_nal_v032.metta	IN		AGREE	7	7
test_nal_v033.metta	IN		AGREE	5	5
test_nal_v034.metta	IN		AGREE	7	7
test_protocosmoMain.metta	IN		AGREE	2	2
test_string_comments.metta	IN		LEATTA-NOOUT	0	
test_stv_match.metta	IN		AGREE	2	2
test_ulc_accessors.metta	IN		AGREE	3	3
test_unify_eval_branches.metta	IN		DIFF-VAL	6	6
tests.metta	IN		AGREE	1	1
tilepuzzle.metta	IN		LEATTA-TIMEOUT	1	
torch.metta	OUT	py-call	DIFF-VAL	1	1
translatepredicate.metta	OUT	translatePredicate	DIFF-VAL	1	1
translatorrule.metta	IN		DIFF-VAL	5	5
translatorrule_fib.metta	IN		DIFF-VAL	2	2
translatorrule_for.metta	IN		DIFF-VAL	2	2
twostage.metta	IN		AGREE	2	2
types.metta	IN		DIFF-VAL	13	13
types_dependent.metta	IN		AGREE	2	2
types_nondet.metta	IN		DIFF-COUNT	3	4
xor.metta	IN		AGREE	2	2
and_or.metta	IN		AGREE	1	1
atomops.metta	IN		DIFF-COUNT	9	10
booleansolver.metta	IN		DIFF-COUNT	2	0
builin_types.metta	IN		DIFF-COUNT	36	37
callquoteevalreduce.metta	IN		DIFF-COUNT	4	3
callquoteevalreduce2.metta	IN		DIFF-VAL	4	4
case.metta	IN		AGREE	1	1
case2.metta	IN		AGREE	1	1
caseconstrain.metta	IN		DIFF-COUNT	1	0
caseempty.metta	IN		AGREE	2	2
casenew.metta	IN		AGREE	1	1
chain.metta	IN		AGREE	2	2
collapse.metta	IN		AGREE	1	1
comments.metta	IN		AGREE	1	1
constanthead.metta	IN		AGREE	1	1
curry.metta	IN		DIFF-VAL	6	6
cut.metta	IN		DIFF-COUNT	2	3
empty.metta	IN		AGREE	1	1
eval.metta	IN		DIFF-VAL	2	2
factorial.metta	IN		AGREE	1	1
fib.metta	IN		LEATTA-TIMEOUT	1	
fibadd.metta	IN		DIFF-COUNT	2	1
fibsmart.metta	IN		AGREE	1	1
fibsmartimport.metta	IN		DIFF-COUNT	1	2
foldall.metta	IN		DIFF-COUNT	10	12
foldallmatch.metta	IN		AGREE	2	2
foldallspacecount.metta	IN		AGREE	1	1
forall.metta	IN		DIFF-COUNT	12	14
functionhead.metta	IN		DIFF-COUNT	2	0
functionhead2.metta	IN		DIFF-VAL	1	1
functionhead3.metta	IN		DIFF-VAL	6	6
functionremoval.metta	IN		DIFF-COUNT	8	14
functionremovalspec.metta	IN		DIFF-COUNT	6	12
functiontypes.metta	IN		DIFF-VAL	4	4
git_import.metta	OUT	git-import	DIFF-VAL	4	4
git_import2.metta	OUT	git-import	DIFF-COUNT	11	12
greedy_chess.metta	OUT	py-atom	PETTA-TIMEOUT		
he_assert.metta	IN		DIFF-COUNT	5	6
he_atomspace.metta	IN		DIFF-COUNT	7	9
he_equalreduct.metta	IN		DIFF-COUNT	4	6
he_error.metta	IN		DIFF-COUNT	5	6
he_evaluation.metta	IN		DIFF-COUNT	4	5
he_math.metta	IN		AGREE	19	19
he_minimalmetta.metta	IN		PETTA-TIMEOUT		
he_quoting.metta	IN		DIFF-COUNT	6	5
he_types.metta	IN		DIFF-COUNT	7	8
holbenchmark.metta	IN		LEATTA-TIMEOUT	4	
holfunctions.metta	IN		DIFF-VAL	7	7
holfunctions_intrinsicop.metta	IN		DIFF-COUNT	1	0
hyperpose_primes.metta	IN		DIFF-COUNT	3	6
identity.metta	IN		AGREE	1	1
if.metta	IN		AGREE	1	1
if2.metta	IN		AGREE	1	1
if3.metta	IN		AGREE	1	1
if4.metta	IN		AGREE	1	1
ifcasenondet.metta	IN		AGREE	2	2
ifsimple.metta	IN		AGREE	1	1
invertfunction.metta	IN		DIFF-VAL	3	3
invertpeanoplus.metta	IN		DIFF-VAL	5	5
is_alpha_member_test.metta	IN		DIFF-COUNT	25	23
iter.metta	IN		AGREE	1	1
lambda.metta	IN		DIFF-VAL	7	7
let_superpose_if_case.metta	IN		AGREE	1	1
letext.metta	IN		AGREE	1	1
letlet.metta	IN		AGREE	1	1
letstar.metta	IN		AGREE	1	1
library.metta	IN		DIFF-COUNT	2	1
listhead.metta	IN		DIFF-COUNT	3	2
llm_cities.metta	IN		DIFF-COUNT	3	4
logicprog.metta	IN		DIFF-VAL	1	1
logicprogset.metta	IN		DIFF-COUNT	1	0
matchnested.metta	IN		AGREE	1	1
matchnested2.metta	IN		AGREE	1	1
matchsingle.metta	IN		DIFF-VAL	2	2
matchtypes.metta	IN		DIFF-COUNT	6	20
matespace.metta	IN		LEATTA-TIMEOUT	1	
matespace2.metta	IN		DIFF-VAL	1	1
matespacefast.metta	IN		LEATTA-TIMEOUT	1	
math.metta	IN		AGREE	19	19
meta_types.metta	IN		DIFF-VAL	6	6
metta4_prog.metta	IN		DIFF-VAL	3	3
metta4_streams.metta	IN		DIFF-COUNT	5	8
mettaset.metta	IN		DIFF-VAL	9	9
multicall.metta	IN		AGREE	1	1
multiset_operations.metta	IN		AGREE	4	4
mutex_and_transaction.metta	IN		DIFF-VAL	8	8
myinterpreter.metta	IN		DIFF-COUNT	4	0
nars_direct.metta	IN		DIFF-COUNT	7	4
nars_tuffy.metta	IN		DIFF-COUNT	0	2
nestedcons.metta	IN		DIFF-COUNT	1	0
nilbc.metta	IN		DIFF-COUNT	25	28
once.metta	IN		DIFF-COUNT	2	3
parametric_types.metta	IN		DIFF-COUNT	1	3
parse.metta	IN		DIFF-VAL	5	5
partialdef.metta	IN		DIFF-VAL	2	2
patrick_iterate_fib.metta	IN		AGREE	2	2
patrick_iterate_quad.metta	IN		DIFF-VAL	2	2
patrick_test.metta	IN		DIFF-COUNT	4	3
peano.metta	IN		LEATTA-TIMEOUT	1	
peanofast.metta	IN		LEATTA-TIMEOUT	2	
permutations.metta	IN		LEATTA-TIMEOUT	1	
pln_direct.metta	IN		DIFF-COUNT	7	4
pln_roman.metta	IN		DIFF-COUNT	1	2
pln_tuffy.metta	IN		DIFF-COUNT	1	2
plntest.metta	IN		AGREE	1	1
plntestdirect.metta	IN		LEATTA-TIMEOUT	1	
prologimport.metta	OUT	import_prolog	DIFF-COUNT	1	3
python.metta	OUT	py-call	DIFF-VAL	1	1
python_import.metta	OUT	py-call	DIFF-COUNT	2	3
recursive_types.metta	IN		DIFF-VAL	4	4
recursive_types2.metta	IN		AGREE	2	2
repl.metta	IN		PETTA-TIMEOUT		
repr.metta	IN		DIFF-VAL	6	6
roman_test.metta	IN		DIFF-COUNT	20	27
scale.metta	IN		DIFF-VAL	1	1
selfprog.metta	IN		DIFF-VAL	4	4
smartdispatch.metta	IN		AGREE	1	1
spacefunction.metta	IN		DIFF-VAL	8	8
spaces.metta	IN		AGREE	1	1
spaces2.metta	IN		DIFF-VAL	3	3
spaces3.metta	IN		DIFF-VAL	7	7
spaces_find.metta	IN		DIFF-COUNT	1	2
spaces_removeallatoms.metta	IN		LEATTA-TIMEOUT	5	
spaces_succeedspredicate.metta	IN		DIFF-COUNT	3	2
specialize.metta	IN		DIFF-COUNT	12	4
specializecyclic.metta	IN		DIFF-COUNT	4	2
specializefunctiontypes.metta	IN		DIFF-COUNT	3	1
state.metta	IN		AGREE	4	4
streamops.metta	IN		AGREE	4	4
string.metta	IN		DIFF-COUNT	0	1
supercollapse.metta	IN		AGREE	1	1
superpose_nested.metta	IN		AGREE	1	1
superpose_primes.metta	IN		DIFF-VAL	1	1
tabling_fib.metta	IN		LEATTA-TIMEOUT	3	
test_alpha_unique_atom.metta	IN		AGREE	13	13
test_backward_v01.metta	IN		DIFF-COUNT	3	6
test_backward_v02.metta	IN		AGREE	2	2
test_backward_v03.metta	IN		AGREE	5	5
test_backward_v04.metta	IN		AGREE	5	5
test_backward_v05.metta	IN		AGREE	5	5
test_backward_v06.metta	IN		DIFF-VAL	7	7
test_backward_v06_fixed.metta	IN		AGREE	7	7
test_backward_v07.metta	IN		AGREE	5	5
test_backward_v08.metta	IN		AGREE	5	5
test_backward_v09.metta	IN		AGREE	10	10
test_collapse.metta	IN		AGREE	5	5
test_deduce_raw.metta	IN		AGREE	3	3
test_evidence_kind.metta	IN		DIFF-COUNT	5	6
test_evidence_kind_import.metta	IN		AGREE	6	6
test_evidence_kind_inline.metta	IN		AGREE	5	5
test_let_match.metta	IN		AGREE	3	3
test_match_3arg.metta	IN		AGREE	3	3
test_match_simple.metta	IN		DIFF-VAL	5	5
test_match_simple2.metta	IN		AGREE	1	1
test_nal_import.metta	IN		DIFF-VAL	5	5
test_nal_test_primitive.metta	IN		AGREE	9	9
test_nal_v032.metta	IN		AGREE	7	7
test_nal_v033.metta	IN		AGREE	5	5
test_nal_v034.metta	IN		AGREE	7	7
test_protocosmoMain.metta	IN		AGREE	2	2
test_string_comments.metta	IN		LEATTA-NOOUT	0	
test_stv_match.metta	IN		AGREE	2	2
test_ulc_accessors.metta	IN		AGREE	3	3
test_unify_eval_branches.metta	IN		DIFF-VAL	6	6
tests.metta	IN		AGREE	1	1
tilepuzzle.metta	IN		LEATTA-TIMEOUT	1	
torch.metta	OUT	py-call	DIFF-VAL	1	1
translatepredicate.metta	OUT	translatePredicate	DIFF-VAL	1	1
translatorrule.metta	IN		DIFF-VAL	5	5
translatorrule_fib.metta	IN		DIFF-VAL	2	2
translatorrule_for.metta	IN		DIFF-VAL	2	2
twostage.metta	IN		AGREE	2	2
types.metta	IN		DIFF-VAL	13	13
types_dependent.metta	IN		AGREE	2	2
types_nondet.metta	IN		DIFF-COUNT	3	4
xor.metta	IN		AGREE	2	2
and_or.metta	IN		AGREE	1	1
atomops.metta	IN		AGREE	9	9
booleansolver.metta	IN		DIFF-COUNT	2	0
builin_types.metta	IN		DIFF-COUNT	36	37
callquoteevalreduce.metta	IN		DIFF-COUNT	4	3
callquoteevalreduce2.metta	IN		DIFF-VAL	4	4
case.metta	IN		AGREE	1	1
case2.metta	IN		AGREE	1	1
caseconstrain.metta	IN		DIFF-COUNT	1	0
caseempty.metta	IN		AGREE	2	2
casenew.metta	IN		AGREE	1	1
chain.metta	IN		AGREE	2	2
collapse.metta	IN		AGREE	1	1
comments.metta	IN		AGREE	1	1
constanthead.metta	IN		AGREE	1	1
curry.metta	IN		DIFF-VAL	6	6
cut.metta	IN		DIFF-COUNT	2	3
empty.metta	IN		AGREE	1	1
eval.metta	IN		DIFF-VAL	2	2
factorial.metta	IN		AGREE	1	1
fib.metta	IN		LEATTA-TIMEOUT	1	
fibadd.metta	IN		DIFF-COUNT	2	1
fibsmart.metta	IN		AGREE	1	1
fibsmartimport.metta	IN		DIFF-COUNT	1	2
foldall.metta	IN		DIFF-COUNT	10	12
foldallmatch.metta	IN		AGREE	2	2
foldallspacecount.metta	IN		AGREE	1	1
forall.metta	IN		DIFF-COUNT	12	14
functionhead.metta	IN		DIFF-COUNT	2	0
functionhead2.metta	IN		DIFF-VAL	1	1
functionhead3.metta	IN		DIFF-VAL	6	6
functionremoval.metta	IN		DIFF-COUNT	8	14
functionremovalspec.metta	IN		DIFF-COUNT	6	12
functiontypes.metta	IN		DIFF-VAL	4	4
git_import.metta	OUT	git-import	DIFF-VAL	4	4
git_import2.metta	OUT	git-import	DIFF-COUNT	11	12
greedy_chess.metta	OUT	py-atom	PETTA-TIMEOUT		
he_assert.metta	IN		DIFF-COUNT	5	6
he_atomspace.metta	IN		DIFF-COUNT	7	9
he_equalreduct.metta	IN		DIFF-COUNT	4	5
he_error.metta	IN		DIFF-COUNT	5	6
he_evaluation.metta	IN		DIFF-COUNT	4	5
he_math.metta	IN		AGREE	19	19
he_minimalmetta.metta	IN		PETTA-TIMEOUT		
he_quoting.metta	IN		DIFF-COUNT	6	5
he_types.metta	IN		DIFF-COUNT	7	8
holbenchmark.metta	IN		LEATTA-TIMEOUT	4	
holfunctions.metta	IN		DIFF-VAL	7	7
holfunctions_intrinsicop.metta	IN		DIFF-COUNT	1	0
hyperpose_primes.metta	IN		DIFF-COUNT	3	6
identity.metta	IN		AGREE	1	1
if.metta	IN		AGREE	1	1
if2.metta	IN		AGREE	1	1
if3.metta	IN		AGREE	1	1
if4.metta	IN		AGREE	1	1
ifcasenondet.metta	IN		AGREE	2	2
ifsimple.metta	IN		AGREE	1	1
invertfunction.metta	IN		DIFF-VAL	3	3
invertpeanoplus.metta	IN		DIFF-VAL	5	5
is_alpha_member_test.metta	IN		DIFF-COUNT	25	23
iter.metta	IN		AGREE	1	1
lambda.metta	IN		DIFF-VAL	7	7
let_superpose_if_case.metta	IN		AGREE	1	1
letext.metta	IN		AGREE	1	1
letlet.metta	IN		AGREE	1	1
letstar.metta	IN		AGREE	1	1
library.metta	IN		DIFF-COUNT	2	1
listhead.metta	IN		DIFF-COUNT	3	2
llm_cities.metta	IN		DIFF-COUNT	3	4
logicprog.metta	IN		DIFF-VAL	1	1
logicprogset.metta	IN		DIFF-COUNT	1	0
matchnested.metta	IN		AGREE	1	1
matchnested2.metta	IN		AGREE	1	1
matchsingle.metta	IN		DIFF-VAL	2	2
matchtypes.metta	IN		DIFF-COUNT	6	20
matespace.metta	IN		LEATTA-TIMEOUT	1	
matespace2.metta	IN		DIFF-VAL	1	1
matespacefast.metta	IN		LEATTA-TIMEOUT	1	
math.metta	IN		AGREE	19	19
meta_types.metta	IN		DIFF-VAL	6	6
metta4_prog.metta	IN		DIFF-VAL	3	3
metta4_streams.metta	IN		DIFF-COUNT	5	8
mettaset.metta	IN		DIFF-VAL	9	9
multicall.metta	IN		AGREE	1	1
multiset_operations.metta	IN		AGREE	4	4
mutex_and_transaction.metta	IN		DIFF-VAL	8	8
myinterpreter.metta	IN		DIFF-COUNT	4	0
nars_direct.metta	IN		DIFF-COUNT	7	4
nars_tuffy.metta	IN		DIFF-COUNT	0	2
nestedcons.metta	IN		DIFF-COUNT	1	0
nilbc.metta	IN		DIFF-COUNT	25	28
once.metta	IN		DIFF-COUNT	2	3
parametric_types.metta	IN		DIFF-COUNT	1	3
parse.metta	IN		DIFF-VAL	5	5
partialdef.metta	IN		DIFF-VAL	2	2
patrick_iterate_fib.metta	IN		AGREE	2	2
patrick_iterate_quad.metta	IN		DIFF-VAL	2	2
patrick_test.metta	IN		DIFF-COUNT	4	3
peano.metta	IN		LEATTA-TIMEOUT	1	
peanofast.metta	IN		LEATTA-TIMEOUT	2	
permutations.metta	IN		LEATTA-TIMEOUT	1	
pln_direct.metta	IN		DIFF-COUNT	7	4
pln_roman.metta	IN		DIFF-COUNT	1	2
pln_tuffy.metta	IN		DIFF-COUNT	1	2
plntest.metta	IN		AGREE	1	1
plntestdirect.metta	IN		LEATTA-TIMEOUT	1	
prologimport.metta	OUT	import_prolog	DIFF-COUNT	1	3
python.metta	OUT	py-call	DIFF-VAL	1	1
python_import.metta	OUT	py-call	DIFF-COUNT	2	3
recursive_types.metta	IN		DIFF-VAL	4	4
recursive_types2.metta	IN		AGREE	2	2
repl.metta	IN		PETTA-TIMEOUT		
repr.metta	IN		DIFF-VAL	6	6
roman_test.metta	IN		DIFF-COUNT	20	27
scale.metta	IN		DIFF-VAL	1	1
selfprog.metta	IN		DIFF-VAL	4	4
smartdispatch.metta	IN		AGREE	1	1
spacefunction.metta	IN		DIFF-VAL	8	8
spaces.metta	IN		AGREE	1	1
spaces2.metta	IN		DIFF-VAL	3	3
spaces3.metta	IN		DIFF-VAL	7	7
spaces_find.metta	IN		DIFF-COUNT	1	2
spaces_removeallatoms.metta	IN		LEATTA-TIMEOUT	5	
spaces_succeedspredicate.metta	IN		DIFF-COUNT	3	2
specialize.metta	IN		DIFF-COUNT	12	3
specializecyclic.metta	IN		DIFF-COUNT	4	2
specializefunctiontypes.metta	IN		DIFF-COUNT	3	1
state.metta	IN		AGREE	4	4
streamops.metta	IN		AGREE	4	4
string.metta	IN		DIFF-COUNT	0	1
supercollapse.metta	IN		AGREE	1	1
superpose_nested.metta	IN		AGREE	1	1
superpose_primes.metta	IN		DIFF-VAL	1	1
tabling_fib.metta	IN		LEATTA-TIMEOUT	3	
test_alpha_unique_atom.metta	IN		AGREE	13	13
test_backward_v01.metta	IN		DIFF-COUNT	3	6
test_backward_v02.metta	IN		AGREE	2	2
test_backward_v03.metta	IN		AGREE	5	5
test_backward_v04.metta	IN		AGREE	5	5
test_backward_v05.metta	IN		AGREE	5	5
test_backward_v06.metta	IN		DIFF-VAL	7	7
test_backward_v06_fixed.metta	IN		AGREE	7	7
test_backward_v07.metta	IN		AGREE	5	5
test_backward_v08.metta	IN		AGREE	5	5
test_backward_v09.metta	IN		AGREE	10	10
test_collapse.metta	IN		AGREE	5	5
test_deduce_raw.metta	IN		AGREE	3	3
test_evidence_kind.metta	IN		DIFF-COUNT	5	6
test_evidence_kind_import.metta	IN		AGREE	6	6
test_evidence_kind_inline.metta	IN		AGREE	5	5
test_let_match.metta	IN		AGREE	3	3
test_match_3arg.metta	IN		AGREE	3	3
test_match_simple.metta	IN		DIFF-VAL	5	5
test_match_simple2.metta	IN		AGREE	1	1
test_nal_import.metta	IN		DIFF-VAL	5	5
test_nal_test_primitive.metta	IN		AGREE	9	9
test_nal_v032.metta	IN		AGREE	7	7
test_nal_v033.metta	IN		AGREE	5	5
test_nal_v034.metta	IN		AGREE	7	7
test_protocosmoMain.metta	IN		AGREE	2	2
test_string_comments.metta	IN		LEATTA-NOOUT	0	
test_stv_match.metta	IN		AGREE	2	2
test_ulc_accessors.metta	IN		AGREE	3	3
test_unify_eval_branches.metta	IN		DIFF-VAL	6	6
tests.metta	IN		AGREE	1	1
tilepuzzle.metta	IN		LEATTA-TIMEOUT	1	
torch.metta	OUT	py-call	DIFF-VAL	1	1
translatepredicate.metta	OUT	translatePredicate	DIFF-VAL	1	1
translatorrule.metta	IN		DIFF-VAL	5	5
translatorrule_fib.metta	IN		DIFF-VAL	2	2
translatorrule_for.metta	IN		DIFF-VAL	2	2
twostage.metta	IN		AGREE	2	2
types.metta	IN		DIFF-VAL	13	13
types_dependent.metta	IN		AGREE	2	2
types_nondet.metta	IN		DIFF-COUNT	3	4
xor.metta	IN		AGREE	2	2
and_or.metta	IN		AGREE	1	1
atomops.metta	IN		AGREE	9	9
booleansolver.metta	IN		DIFF-COUNT	2	0
builin_types.metta	IN		DIFF-COUNT	36	37
callquoteevalreduce.metta	IN		DIFF-COUNT	4	3
callquoteevalreduce2.metta	IN		DIFF-VAL	4	4
case.metta	IN		AGREE	1	1
case2.metta	IN		AGREE	1	1
caseconstrain.metta	IN		DIFF-COUNT	1	0
caseempty.metta	IN		AGREE	2	2
casenew.metta	IN		AGREE	1	1
chain.metta	IN		AGREE	2	2
collapse.metta	IN		AGREE	1	1
comments.metta	IN		AGREE	1	1
constanthead.metta	IN		AGREE	1	1
curry.metta	IN		DIFF-VAL	6	6
cut.metta	IN		DIFF-COUNT	2	3
empty.metta	IN		AGREE	1	1
eval.metta	IN		DIFF-VAL	2	2
factorial.metta	IN		AGREE	1	1
fib.metta	IN		LEATTA-TIMEOUT	1	
fibadd.metta	IN		DIFF-COUNT	2	1
fibsmart.metta	IN		AGREE	1	1
fibsmartimport.metta	IN		DIFF-COUNT	1	2
foldall.metta	IN		DIFF-COUNT	10	12
foldallmatch.metta	IN		AGREE	2	2
foldallspacecount.metta	IN		AGREE	1	1
forall.metta	IN		DIFF-COUNT	12	14
functionhead.metta	IN		DIFF-COUNT	2	0
functionhead2.metta	IN		DIFF-VAL	1	1
functionhead3.metta	IN		DIFF-VAL	6	6
functionremoval.metta	IN		DIFF-COUNT	8	14
functionremovalspec.metta	IN		DIFF-COUNT	6	12
functiontypes.metta	IN		DIFF-VAL	4	4
git_import.metta	OUT	git-import	DIFF-VAL	4	4
git_import2.metta	OUT	git-import	DIFF-COUNT	11	12
greedy_chess.metta	OUT	py-atom	PETTA-TIMEOUT		
he_assert.metta	IN		DIFF-COUNT	5	6
he_atomspace.metta	IN		DIFF-COUNT	7	9
he_equalreduct.metta	IN		DIFF-COUNT	4	5
he_error.metta	IN		DIFF-COUNT	5	6
he_evaluation.metta	IN		DIFF-COUNT	4	5
he_math.metta	IN		AGREE	19	19
he_minimalmetta.metta	IN		PETTA-TIMEOUT		
he_quoting.metta	IN		DIFF-COUNT	6	5
he_types.metta	IN		DIFF-COUNT	7	8
holbenchmark.metta	IN		LEATTA-TIMEOUT	4	
holfunctions.metta	IN		AGREE	7	7
holfunctions_intrinsicop.metta	IN		DIFF-COUNT	1	0
hyperpose_primes.metta	IN		DIFF-COUNT	3	6
identity.metta	IN		AGREE	1	1
if.metta	IN		AGREE	1	1
if2.metta	IN		AGREE	1	1
if3.metta	IN		AGREE	1	1
if4.metta	IN		AGREE	1	1
ifcasenondet.metta	IN		AGREE	2	2
ifsimple.metta	IN		AGREE	1	1
invertfunction.metta	IN		DIFF-VAL	3	3
invertpeanoplus.metta	IN		DIFF-VAL	5	5
is_alpha_member_test.metta	IN		DIFF-COUNT	25	23
iter.metta	IN		AGREE	1	1
lambda.metta	IN		DIFF-VAL	7	7
let_superpose_if_case.metta	IN		AGREE	1	1
letext.metta	IN		AGREE	1	1
letlet.metta	IN		AGREE	1	1
letstar.metta	IN		AGREE	1	1
library.metta	IN		DIFF-COUNT	2	1
listhead.metta	IN		DIFF-COUNT	3	2
llm_cities.metta	IN		DIFF-COUNT	3	4
logicprog.metta	IN		AGREE	1	1
logicprogset.metta	IN		DIFF-COUNT	1	0
matchnested.metta	IN		AGREE	1	1
matchnested2.metta	IN		AGREE	1	1
matchsingle.metta	IN		DIFF-VAL	2	2
matchtypes.metta	IN		DIFF-COUNT	6	20
matespace.metta	IN		LEATTA-TIMEOUT	1	
matespace2.metta	IN		DIFF-VAL	1	1
matespacefast.metta	IN		LEATTA-TIMEOUT	1	
math.metta	IN		AGREE	19	19
meta_types.metta	IN		DIFF-VAL	6	6
metta4_prog.metta	IN		AGREE	3	3
metta4_streams.metta	IN		DIFF-COUNT	5	8
mettaset.metta	IN		DIFF-VAL	9	9
multicall.metta	IN		AGREE	1	1
multiset_operations.metta	IN		AGREE	4	4
mutex_and_transaction.metta	IN		DIFF-VAL	8	8
myinterpreter.metta	IN		DIFF-COUNT	4	0
nars_direct.metta	IN		DIFF-COUNT	7	4
nars_tuffy.metta	IN		DIFF-COUNT	0	2
nestedcons.metta	IN		DIFF-COUNT	1	0
nilbc.metta	IN		DIFF-COUNT	25	28
once.metta	IN		DIFF-COUNT	2	3
parametric_types.metta	IN		DIFF-COUNT	1	3
parse.metta	IN		DIFF-VAL	5	5
partialdef.metta	IN		DIFF-VAL	2	2
patrick_iterate_fib.metta	IN		AGREE	2	2
patrick_iterate_quad.metta	IN		DIFF-VAL	2	2
patrick_test.metta	IN		DIFF-COUNT	4	3
peano.metta	IN		LEATTA-TIMEOUT	1	
peanofast.metta	IN		LEATTA-TIMEOUT	2	
permutations.metta	IN		LEATTA-TIMEOUT	1	
pln_direct.metta	IN		DIFF-COUNT	7	4
pln_roman.metta	IN		DIFF-COUNT	1	2
pln_tuffy.metta	IN		DIFF-COUNT	1	2
plntest.metta	IN		AGREE	1	1
plntestdirect.metta	IN		LEATTA-TIMEOUT	1	
prologimport.metta	OUT	import_prolog	DIFF-COUNT	1	3
python.metta	OUT	py-call	DIFF-VAL	1	1
python_import.metta	OUT	py-call	DIFF-COUNT	2	3
recursive_types.metta	IN		DIFF-VAL	4	4
recursive_types2.metta	IN		AGREE	2	2
repl.metta	IN		PETTA-TIMEOUT		
repr.metta	IN		DIFF-VAL	6	6
roman_test.metta	IN		DIFF-COUNT	20	27
scale.metta	IN		DIFF-VAL	1	1
selfprog.metta	IN		DIFF-VAL	4	4
smartdispatch.metta	IN		AGREE	1	1
spacefunction.metta	IN		DIFF-VAL	8	8
spaces.metta	IN		AGREE	1	1
spaces2.metta	IN		AGREE-ORD	3	3
spaces3.metta	IN		AGREE-ORD	7	7
spaces_find.metta	IN		DIFF-COUNT	1	2
spaces_removeallatoms.metta	IN		LEATTA-TIMEOUT	5	
spaces_succeedspredicate.metta	IN		DIFF-COUNT	3	2
specialize.metta	IN		DIFF-COUNT	12	3
specializecyclic.metta	IN		DIFF-COUNT	4	2
specializefunctiontypes.metta	IN		DIFF-COUNT	3	1
state.metta	IN		AGREE	4	4
streamops.metta	IN		AGREE	4	4
string.metta	IN		DIFF-COUNT	0	1
supercollapse.metta	IN		AGREE	1	1
superpose_nested.metta	IN		AGREE	1	1
superpose_primes.metta	IN		AGREE	1	1
tabling_fib.metta	IN		LEATTA-TIMEOUT	3	
test_alpha_unique_atom.metta	IN		AGREE	13	13
test_backward_v01.metta	IN		DIFF-COUNT	3	6
test_backward_v02.metta	IN		AGREE	2	2
test_backward_v03.metta	IN		AGREE	5	5
test_backward_v04.metta	IN		AGREE	5	5
test_backward_v05.metta	IN		AGREE	5	5
test_backward_v06.metta	IN		DIFF-VAL	7	7
test_backward_v06_fixed.metta	IN		AGREE	7	7
test_backward_v07.metta	IN		AGREE	5	5
test_backward_v08.metta	IN		AGREE	5	5
test_backward_v09.metta	IN		AGREE	10	10
test_collapse.metta	IN		AGREE	5	5
test_deduce_raw.metta	IN		AGREE	3	3
test_evidence_kind.metta	IN		DIFF-COUNT	5	6
test_evidence_kind_import.metta	IN		AGREE	6	6
test_evidence_kind_inline.metta	IN		AGREE	5	5
test_let_match.metta	IN		AGREE	3	3
test_match_3arg.metta	IN		AGREE	3	3
test_match_simple.metta	IN		DIFF-VAL	5	5
test_match_simple2.metta	IN		AGREE	1	1
test_nal_import.metta	IN		DIFF-VAL	5	5
test_nal_test_primitive.metta	IN		AGREE	9	9
test_nal_v032.metta	IN		AGREE	7	7
test_nal_v033.metta	IN		AGREE	5	5
test_nal_v034.metta	IN		AGREE	7	7
test_protocosmoMain.metta	IN		AGREE	2	2
test_string_comments.metta	IN		LEATTA-NOOUT	0	
test_stv_match.metta	IN		AGREE	2	2
test_ulc_accessors.metta	IN		AGREE	3	3
test_unify_eval_branches.metta	IN		DIFF-VAL	6	6
tests.metta	IN		AGREE	1	1
tilepuzzle.metta	IN		LEATTA-TIMEOUT	1	
torch.metta	OUT	py-call	DIFF-VAL	1	1
translatepredicate.metta	OUT	translatePredicate	DIFF-VAL	1	1
translatorrule.metta	IN		DIFF-VAL	5	5
translatorrule_fib.metta	IN		DIFF-VAL	2	2
translatorrule_for.metta	IN		DIFF-VAL	2	2
twostage.metta	IN		AGREE	2	2
types.metta	IN		DIFF-VAL	13	13
types_dependent.metta	IN		AGREE	2	2
types_nondet.metta	IN		DIFF-COUNT	3	4
xor.metta	IN		AGREE	2	2
and_or.metta	IN		AGREE	1	1
atomops.metta	IN		AGREE	9	9
booleansolver.metta	IN		DIFF-COUNT	2	0
builin_types.metta	IN		DIFF-COUNT	36	37
callquoteevalreduce.metta	IN		DIFF-COUNT	4	3
callquoteevalreduce2.metta	IN		DIFF-VAL	4	4
case.metta	IN		AGREE	1	1
case2.metta	IN		AGREE	1	1
caseconstrain.metta	IN		DIFF-COUNT	1	0
caseempty.metta	IN		AGREE	2	2
casenew.metta	IN		AGREE	1	1
chain.metta	IN		AGREE	2	2
collapse.metta	IN		AGREE	1	1
comments.metta	IN		AGREE	1	1
constanthead.metta	IN		AGREE	1	1
curry.metta	IN		DIFF-VAL	6	6
cut.metta	IN		AGREE	2	2
empty.metta	IN		AGREE	1	1
eval.metta	IN		DIFF-VAL	2	2
factorial.metta	IN		AGREE	1	1
fib.metta	IN		LEATTA-TIMEOUT	1	
fibadd.metta	IN		DIFF-COUNT	2	1
fibsmart.metta	IN		AGREE	1	1
fibsmartimport.metta	IN		DIFF-COUNT	1	2
foldall.metta	IN		DIFF-COUNT	10	12
foldallmatch.metta	IN		AGREE	2	2
foldallspacecount.metta	IN		AGREE	1	1
forall.metta	IN		DIFF-COUNT	12	14
functionhead.metta	IN		DIFF-COUNT	2	0
functionhead2.metta	IN		DIFF-VAL	1	1
functionhead3.metta	IN		DIFF-VAL	6	6
functionremoval.metta	IN		DIFF-COUNT	8	14
functionremovalspec.metta	IN		DIFF-COUNT	6	12
functiontypes.metta	IN		DIFF-VAL	4	4
git_import.metta	OUT	git-import	DIFF-VAL	4	4
git_import2.metta	OUT	git-import	DIFF-COUNT	11	12
greedy_chess.metta	OUT	py-atom	PETTA-TIMEOUT		
he_assert.metta	IN		DIFF-COUNT	5	6
he_atomspace.metta	IN		DIFF-COUNT	7	9
he_equalreduct.metta	IN		DIFF-COUNT	4	5
he_error.metta	IN		DIFF-COUNT	5	6
he_evaluation.metta	IN		DIFF-COUNT	4	5
he_math.metta	IN		AGREE	19	19
he_minimalmetta.metta	IN		PETTA-TIMEOUT		
he_quoting.metta	IN		DIFF-COUNT	6	5
he_types.metta	IN		DIFF-COUNT	7	8
holbenchmark.metta	IN		LEATTA-TIMEOUT	4	
holfunctions.metta	IN		AGREE	7	7
holfunctions_intrinsicop.metta	IN		DIFF-COUNT	1	0
hyperpose_primes.metta	IN		DIFF-COUNT	3	6
identity.metta	IN		AGREE	1	1
if.metta	IN		AGREE	1	1
if2.metta	IN		AGREE	1	1
if3.metta	IN		AGREE	1	1
if4.metta	IN		AGREE	1	1
ifcasenondet.metta	IN		AGREE	2	2
ifsimple.metta	IN		AGREE	1	1
invertfunction.metta	IN		DIFF-VAL	3	3
invertpeanoplus.metta	IN		DIFF-VAL	5	5
is_alpha_member_test.metta	IN		DIFF-COUNT	25	23
iter.metta	IN		AGREE	1	1
lambda.metta	IN		DIFF-VAL	7	7
let_superpose_if_case.metta	IN		AGREE	1	1
letext.metta	IN		AGREE	1	1
letlet.metta	IN		AGREE	1	1
letstar.metta	IN		AGREE	1	1
library.metta	IN		DIFF-COUNT	2	1
listhead.metta	IN		DIFF-COUNT	3	2
llm_cities.metta	IN		DIFF-COUNT	3	4
logicprog.metta	IN		AGREE	1	1
logicprogset.metta	IN		DIFF-COUNT	1	0
matchnested.metta	IN		AGREE	1	1
matchnested2.metta	IN		AGREE	1	1
matchsingle.metta	IN		AGREE	2	2
matchtypes.metta	IN		DIFF-COUNT	6	20
matespace.metta	IN		DIFF-VAL	1	1
matespace2.metta	IN		LEATTA-TIMEOUT	1	
matespacefast.metta	IN		LEATTA-TIMEOUT	1	
math.metta	IN		AGREE	19	19
meta_types.metta	IN		DIFF-VAL	6	6
metta4_prog.metta	IN		AGREE	3	3
metta4_streams.metta	IN		DIFF-VAL	5	5
mettaset.metta	IN		DIFF-VAL	9	9
multicall.metta	IN		AGREE	1	1
multiset_operations.metta	IN		AGREE	4	4
mutex_and_transaction.metta	IN		DIFF-VAL	8	8
myinterpreter.metta	IN		DIFF-COUNT	4	0
nars_direct.metta	IN		DIFF-COUNT	7	4
nars_tuffy.metta	IN		DIFF-COUNT	0	2
nestedcons.metta	IN		DIFF-COUNT	1	0
nilbc.metta	IN		DIFF-COUNT	25	28
once.metta	IN		AGREE	2	2
parametric_types.metta	IN		DIFF-COUNT	1	3
parse.metta	IN		DIFF-VAL	5	5
partialdef.metta	IN		DIFF-VAL	2	2
patrick_iterate_fib.metta	IN		AGREE	2	2
patrick_iterate_quad.metta	IN		DIFF-VAL	2	2
patrick_test.metta	IN		DIFF-COUNT	4	3
peano.metta	IN		DIFF-VAL	1	1
peanofast.metta	IN		LEATTA-TIMEOUT	2	
permutations.metta	IN		LEATTA-TIMEOUT	1	
pln_direct.metta	IN		DIFF-COUNT	7	4
pln_roman.metta	IN		DIFF-COUNT	1	2
pln_tuffy.metta	IN		DIFF-COUNT	1	2
plntest.metta	IN		AGREE	1	1
plntestdirect.metta	IN		LEATTA-TIMEOUT	1	
prologimport.metta	OUT	import_prolog	DIFF-COUNT	1	3
python.metta	OUT	py-call	DIFF-VAL	1	1
python_import.metta	OUT	py-call	DIFF-COUNT	2	3
recursive_types.metta	IN		DIFF-VAL	4	4
recursive_types2.metta	IN		AGREE	2	2
repl.metta	IN		PETTA-TIMEOUT		
repr.metta	IN		DIFF-VAL	6	6
roman_test.metta	IN		DIFF-COUNT	20	27
scale.metta	IN		DIFF-VAL	1	1
selfprog.metta	IN		DIFF-VAL	4	4
smartdispatch.metta	IN		AGREE	1	1
spacefunction.metta	IN		DIFF-VAL	8	8
spaces.metta	IN		AGREE	1	1
spaces2.metta	IN		AGREE-ORD	3	3
spaces3.metta	IN		AGREE-ORD	7	7
spaces_find.metta	IN		DIFF-COUNT	1	2
spaces_removeallatoms.metta	IN		DIFF-VAL	5	5
spaces_succeedspredicate.metta	IN		DIFF-COUNT	3	2
specialize.metta	IN		DIFF-COUNT	12	3
specializecyclic.metta	IN		DIFF-COUNT	4	2
specializefunctiontypes.metta	IN		DIFF-COUNT	3	1
state.metta	IN		AGREE	4	4
streamops.metta	IN		AGREE	4	4
string.metta	IN		DIFF-COUNT	0	1
supercollapse.metta	IN		AGREE	1	1
superpose_nested.metta	IN		AGREE	1	1
superpose_primes.metta	IN		AGREE	1	1
tabling_fib.metta	IN		LEATTA-TIMEOUT	3	
test_alpha_unique_atom.metta	IN		AGREE	13	13
test_backward_v01.metta	IN		DIFF-COUNT	3	6
test_backward_v02.metta	IN		AGREE	2	2
test_backward_v03.metta	IN		AGREE	5	5
test_backward_v04.metta	IN		AGREE	5	5
test_backward_v05.metta	IN		AGREE	5	5
test_backward_v06.metta	IN		DIFF-VAL	7	7
test_backward_v06_fixed.metta	IN		AGREE	7	7
test_backward_v07.metta	IN		AGREE	5	5
test_backward_v08.metta	IN		AGREE	5	5
test_backward_v09.metta	IN		AGREE	10	10
test_collapse.metta	IN		AGREE	5	5
test_deduce_raw.metta	IN		AGREE	3	3
test_evidence_kind.metta	IN		DIFF-COUNT	5	6
test_evidence_kind_import.metta	IN		AGREE	6	6
test_evidence_kind_inline.metta	IN		AGREE	5	5
test_let_match.metta	IN		AGREE	3	3
test_match_3arg.metta	IN		AGREE	3	3
test_match_simple.metta	IN		DIFF-VAL	5	5
test_match_simple2.metta	IN		AGREE	1	1
test_nal_import.metta	IN		DIFF-VAL	5	5
test_nal_test_primitive.metta	IN		AGREE	9	9
test_nal_v032.metta	IN		AGREE	7	7
test_nal_v033.metta	IN		AGREE	5	5
test_nal_v034.metta	IN		AGREE	7	7
test_protocosmoMain.metta	IN		AGREE	2	2
test_string_comments.metta	IN		LEATTA-NOOUT	0	
test_stv_match.metta	IN		AGREE	2	2
test_ulc_accessors.metta	IN		AGREE	3	3
test_unify_eval_branches.metta	IN		DIFF-VAL	6	6
tests.metta	IN		AGREE	1	1
tilepuzzle.metta	IN		LEATTA-TIMEOUT	1	
torch.metta	OUT	py-call	DIFF-VAL	1	1
translatepredicate.metta	OUT	translatePredicate	DIFF-VAL	1	1
translatorrule.metta	IN		DIFF-VAL	5	5
translatorrule_fib.metta	IN		DIFF-VAL	2	2
translatorrule_for.metta	IN		DIFF-VAL	2	2
twostage.metta	IN		AGREE	2	2
types.metta	IN		DIFF-VAL	13	13
types_dependent.metta	IN		AGREE	2	2
types_nondet.metta	IN		DIFF-COUNT	3	4
xor.metta	IN		AGREE	2	2
and_or.metta	IN		AGREE	1	1
atomops.metta	IN		AGREE	9	9
booleansolver.metta	IN		DIFF-COUNT	2	0
builin_types.metta	IN		DIFF-VAL	36	36
callquoteevalreduce.metta	IN		DIFF-COUNT	4	3
callquoteevalreduce2.metta	IN		DIFF-VAL	4	4
case.metta	IN		AGREE	1	1
case2.metta	IN		AGREE	1	1
caseconstrain.metta	IN		DIFF-COUNT	1	0
caseempty.metta	IN		AGREE	2	2
casenew.metta	IN		AGREE	1	1
chain.metta	IN		AGREE	2	2
collapse.metta	IN		AGREE	1	1
comments.metta	IN		AGREE	1	1
constanthead.metta	IN		AGREE	1	1
curry.metta	IN		DIFF-VAL	6	6
cut.metta	IN		AGREE	2	2
empty.metta	IN		AGREE	1	1
eval.metta	IN		DIFF-VAL	2	2
factorial.metta	IN		AGREE	1	1
fib.metta	IN		LEATTA-TIMEOUT	1	
fibadd.metta	IN		DIFF-COUNT	2	1
fibsmart.metta	IN		AGREE	1	1
fibsmartimport.metta	IN		AGREE	1	1
foldall.metta	IN		DIFF-COUNT	10	12
foldallmatch.metta	IN		AGREE	2	2
foldallspacecount.metta	IN		AGREE	1	1
forall.metta	IN		DIFF-COUNT	12	14
functionhead.metta	IN		DIFF-COUNT	2	0
functionhead2.metta	IN		DIFF-VAL	1	1
functionhead3.metta	IN		DIFF-VAL	6	6
functionremoval.metta	IN		DIFF-COUNT	8	14
functionremovalspec.metta	IN		DIFF-COUNT	6	12
functiontypes.metta	IN		DIFF-VAL	4	4
git_import.metta	OUT	git-import	DIFF-COUNT	4	2
git_import2.metta	OUT	git-import	AGREE	11	11
greedy_chess.metta	OUT	py-atom	PETTA-TIMEOUT		
he_assert.metta	IN		DIFF-VAL	5	5
he_atomspace.metta	IN		DIFF-COUNT	7	8
he_equalreduct.metta	IN		DIFF-VAL	4	4
he_error.metta	IN		DIFF-VAL	5	5
he_evaluation.metta	IN		DIFF-VAL	4	4
he_math.metta	IN		AGREE	19	19
he_minimalmetta.metta	IN		PETTA-TIMEOUT		
he_quoting.metta	IN		DIFF-COUNT	6	4
he_types.metta	IN		DIFF-VAL	7	7
holbenchmark.metta	IN		LEATTA-TIMEOUT	4	
holfunctions.metta	IN		AGREE	7	7
holfunctions_intrinsicop.metta	IN		DIFF-COUNT	1	0
hyperpose_primes.metta	IN		DIFF-COUNT	3	6
identity.metta	IN		AGREE	1	1
if.metta	IN		AGREE	1	1
if2.metta	IN		AGREE	1	1
if3.metta	IN		AGREE	1	1
if4.metta	IN		AGREE	1	1
ifcasenondet.metta	IN		AGREE	2	2
ifsimple.metta	IN		AGREE	1	1
invertfunction.metta	IN		DIFF-VAL	3	3
invertpeanoplus.metta	IN		DIFF-VAL	5	5
is_alpha_member_test.metta	IN		DIFF-COUNT	25	23
iter.metta	IN		AGREE	1	1
lambda.metta	IN		DIFF-VAL	7	7
let_superpose_if_case.metta	IN		AGREE	1	1
letext.metta	IN		AGREE	1	1
letlet.metta	IN		AGREE	1	1
letstar.metta	IN		AGREE	1	1
library.metta	IN		DIFF-COUNT	2	0
listhead.metta	IN		DIFF-COUNT	3	2
llm_cities.metta	IN		AGREE	3	3
logicprog.metta	IN		AGREE	1	1
logicprogset.metta	IN		DIFF-COUNT	1	0
matchnested.metta	IN		AGREE	1	1
matchnested2.metta	IN		AGREE	1	1
matchsingle.metta	IN		AGREE	2	2
matchtypes.metta	IN		DIFF-COUNT	6	20
matespace.metta	IN		DIFF-VAL	1	1
matespace2.metta	IN		LEATTA-TIMEOUT	1	
matespacefast.metta	IN		LEATTA-TIMEOUT	1	
math.metta	IN		AGREE	19	19
meta_types.metta	IN		DIFF-VAL	6	6
metta4_prog.metta	IN		AGREE	3	3
metta4_streams.metta	IN		DIFF-VAL	5	5
mettaset.metta	IN		DIFF-VAL	9	9
multicall.metta	IN		AGREE	1	1
multiset_operations.metta	IN		AGREE	4	4
mutex_and_transaction.metta	IN		DIFF-VAL	8	8
myinterpreter.metta	IN		DIFF-COUNT	4	0
nars_direct.metta	IN		DIFF-COUNT	7	3
nars_tuffy.metta	IN		DIFF-COUNT	0	1
nestedcons.metta	IN		DIFF-COUNT	1	0
nilbc.metta	IN		DIFF-COUNT	25	28
once.metta	IN		AGREE	2	2
parametric_types.metta	IN		DIFF-COUNT	1	3
parse.metta	IN		DIFF-VAL	5	5
partialdef.metta	IN		DIFF-VAL	2	2
patrick_iterate_fib.metta	IN		DIFF-COUNT	2	1
patrick_iterate_quad.metta	IN		LEATTA-TIMEOUT	2	
patrick_test.metta	IN		DIFF-COUNT	4	2
peano.metta	IN		DIFF-VAL	1	1
peanofast.metta	IN		LEATTA-TIMEOUT	2	
permutations.metta	IN		LEATTA-TIMEOUT	1	
pln_direct.metta	IN		DIFF-COUNT	7	3
pln_roman.metta	IN		AGREE	1	1
pln_tuffy.metta	IN		DIFF-VAL	1	1
plntest.metta	IN		AGREE	1	1
plntestdirect.metta	IN		LEATTA-TIMEOUT	1	
prologimport.metta	OUT	import_prolog	DIFF-COUNT	1	3
python.metta	OUT	py-call	DIFF-VAL	1	1
python_import.metta	OUT	py-call	DIFF-VAL	2	2
recursive_types.metta	IN		DIFF-VAL	4	4
recursive_types2.metta	IN		AGREE	2	2
repl.metta	IN		PETTA-TIMEOUT		
repr.metta	IN		DIFF-VAL	6	6
roman_test.metta	IN		DIFF-COUNT	20	26
scale.metta	IN		LEATTA-TIMEOUT	1	
selfprog.metta	IN		DIFF-VAL	4	4
smartdispatch.metta	IN		AGREE	1	1
spacefunction.metta	IN		DIFF-VAL	8	8
spaces.metta	IN		AGREE	1	1
spaces2.metta	IN		AGREE-ORD	3	3
spaces3.metta	IN		AGREE-ORD	7	7
spaces_find.metta	IN		DIFF-VAL	1	1
spaces_removeallatoms.metta	IN		DIFF-COUNT	5	4
spaces_succeedspredicate.metta	IN		DIFF-COUNT	3	1
specialize.metta	IN		DIFF-COUNT	12	3
specializecyclic.metta	IN		DIFF-COUNT	4	2
specializefunctiontypes.metta	IN		DIFF-COUNT	3	1
state.metta	IN		AGREE	4	4
streamops.metta	IN		AGREE	4	4
string.metta	IN		DIFF-COUNT	0	1
supercollapse.metta	IN		AGREE	1	1
superpose_nested.metta	IN		AGREE	1	1
superpose_primes.metta	IN		AGREE	1	1
tabling_fib.metta	IN		LEATTA-TIMEOUT	3	
test_alpha_unique_atom.metta	IN		AGREE	13	13
test_backward_v01.metta	IN		DIFF-COUNT	3	5
test_backward_v02.metta	IN		AGREE	2	2
test_backward_v03.metta	IN		AGREE	5	5
test_backward_v04.metta	IN		DIFF-COUNT	5	4
test_backward_v05.metta	IN		DIFF-COUNT	5	4
test_backward_v06.metta	IN		DIFF-COUNT	7	6
test_backward_v06_fixed.metta	IN		DIFF-COUNT	7	6
test_backward_v07.metta	IN		DIFF-COUNT	5	4
test_backward_v08.metta	IN		DIFF-COUNT	5	4
test_backward_v09.metta	IN		DIFF-COUNT	10	9
test_collapse.metta	IN		DIFF-COUNT	5	4
test_deduce_raw.metta	IN		DIFF-COUNT	3	2
test_evidence_kind.metta	IN		AGREE	5	5
test_evidence_kind_import.metta	IN		DIFF-COUNT	6	5
test_evidence_kind_inline.metta	IN		AGREE	5	5
test_let_match.metta	IN		DIFF-COUNT	3	2
test_match_3arg.metta	IN		AGREE	3	3
test_match_simple.metta	IN		DIFF-COUNT	5	4
test_match_simple2.metta	IN		AGREE	1	1
test_nal_import.metta	IN		DIFF-COUNT	5	4
test_nal_test_primitive.metta	IN		DIFF-COUNT	9	8
test_nal_v032.metta	IN		DIFF-COUNT	7	6
test_nal_v033.metta	IN		DIFF-COUNT	5	4
test_nal_v034.metta	IN		DIFF-COUNT	7	6
test_protocosmoMain.metta	IN		DIFF-COUNT	2	0
test_string_comments.metta	IN		LEATTA-NOOUT	0	
test_stv_match.metta	IN		AGREE	2	2
test_ulc_accessors.metta	IN		DIFF-COUNT	3	2
test_unify_eval_branches.metta	IN		DIFF-COUNT	6	5
tests.metta	IN		AGREE	1	1
tilepuzzle.metta	IN		LEATTA-TIMEOUT	1	
torch.metta	OUT	py-call	DIFF-VAL	1	1
translatepredicate.metta	OUT	translatePredicate	DIFF-VAL	1	1
translatorrule.metta	IN		DIFF-VAL	5	5
translatorrule_fib.metta	IN		DIFF-VAL	2	2
translatorrule_for.metta	IN		DIFF-VAL	2	2
twostage.metta	IN		AGREE	2	2
types.metta	IN		DIFF-VAL	13	13
types_dependent.metta	IN		AGREE	2	2
types_nondet.metta	IN		DIFF-COUNT	3	4
xor.metta	IN		AGREE	2	2
and_or.metta	IN		AGREE	1	1
atomops.metta	IN		AGREE	9	9
booleansolver.metta	IN		DIFF-COUNT	2	0
builin_types.metta	IN		DIFF-VAL	36	36
callquoteevalreduce.metta	IN		DIFF-COUNT	4	3
callquoteevalreduce2.metta	IN		DIFF-VAL	4	4
case.metta	IN		AGREE	1	1
case2.metta	IN		AGREE	1	1
caseconstrain.metta	IN		DIFF-COUNT	1	0
caseempty.metta	IN		AGREE	2	2
casenew.metta	IN		AGREE	1	1
chain.metta	IN		AGREE	2	2
collapse.metta	IN		AGREE	1	1
comments.metta	IN		AGREE	1	1
constanthead.metta	IN		AGREE	1	1
curry.metta	IN		DIFF-VAL	6	6
cut.metta	IN		AGREE	2	2
empty.metta	IN		AGREE	1	1
eval.metta	IN		DIFF-VAL	2	2
factorial.metta	IN		AGREE	1	1
fib.metta	IN		LEATTA-TIMEOUT	1	
fibadd.metta	IN		DIFF-COUNT	2	1
fibsmart.metta	IN		AGREE	1	1
fibsmartimport.metta	IN		AGREE	1	1
foldall.metta	IN		DIFF-COUNT	10	12
foldallmatch.metta	IN		AGREE	2	2
foldallspacecount.metta	IN		AGREE	1	1
forall.metta	IN		DIFF-COUNT	12	14
functionhead.metta	IN		DIFF-COUNT	2	0
functionhead2.metta	IN		DIFF-VAL	1	1
functionhead3.metta	IN		DIFF-VAL	6	6
functionremoval.metta	IN		DIFF-COUNT	8	14
functionremovalspec.metta	IN		DIFF-COUNT	6	12
functiontypes.metta	IN		DIFF-VAL	4	4
git_import.metta	OUT	git-import	DIFF-COUNT	4	2
git_import2.metta	OUT	git-import	AGREE	11	11
greedy_chess.metta	OUT	py-atom	PETTA-TIMEOUT		
he_assert.metta	IN		DIFF-VAL	5	5
he_atomspace.metta	IN		DIFF-COUNT	7	8
he_equalreduct.metta	IN		DIFF-VAL	4	4
he_error.metta	IN		DIFF-VAL	5	5
he_evaluation.metta	IN		DIFF-VAL	4	4
he_math.metta	IN		AGREE	19	19
he_minimalmetta.metta	IN		PETTA-TIMEOUT		
he_quoting.metta	IN		DIFF-COUNT	6	4
he_types.metta	IN		DIFF-VAL	7	7
holbenchmark.metta	IN		LEATTA-TIMEOUT	4	
holfunctions.metta	IN		AGREE	7	7
holfunctions_intrinsicop.metta	IN		DIFF-COUNT	1	0
hyperpose_primes.metta	IN		DIFF-COUNT	3	6
identity.metta	IN		AGREE	1	1
if.metta	IN		AGREE	1	1
if2.metta	IN		AGREE	1	1
if3.metta	IN		AGREE	1	1
if4.metta	IN		AGREE	1	1
ifcasenondet.metta	IN		AGREE	2	2
ifsimple.metta	IN		AGREE	1	1
invertfunction.metta	IN		DIFF-VAL	3	3
invertpeanoplus.metta	IN		DIFF-VAL	5	5
is_alpha_member_test.metta	IN		DIFF-COUNT	25	23
iter.metta	IN		AGREE	1	1
lambda.metta	IN		DIFF-VAL	7	7
let_superpose_if_case.metta	IN		AGREE	1	1
letext.metta	IN		AGREE	1	1
letlet.metta	IN		AGREE	1	1
letstar.metta	IN		AGREE	1	1
library.metta	IN		DIFF-COUNT	2	0
listhead.metta	IN		DIFF-COUNT	3	2
llm_cities.metta	IN		AGREE	3	3
logicprog.metta	IN		AGREE	1	1
logicprogset.metta	IN		DIFF-COUNT	1	0
matchnested.metta	IN		AGREE	1	1
matchnested2.metta	IN		AGREE	1	1
matchsingle.metta	IN		AGREE	2	2
matchtypes.metta	IN		DIFF-COUNT	6	20
matespace.metta	IN		DIFF-VAL	1	1
matespace2.metta	IN		LEATTA-TIMEOUT	1	
matespacefast.metta	IN		LEATTA-TIMEOUT	1	
math.metta	IN		AGREE	19	19
meta_types.metta	IN		AGREE	6	6
metta4_prog.metta	IN		AGREE	3	3
metta4_streams.metta	IN		DIFF-VAL	5	5
mettaset.metta	IN		DIFF-VAL	9	9
multicall.metta	IN		AGREE	1	1
multiset_operations.metta	IN		AGREE	4	4
mutex_and_transaction.metta	IN		DIFF-VAL	8	8
myinterpreter.metta	IN		DIFF-COUNT	4	0
nars_direct.metta	IN		DIFF-COUNT	7	3
nars_tuffy.metta	IN		DIFF-COUNT	0	1
nestedcons.metta	IN		DIFF-COUNT	1	0
nilbc.metta	IN		DIFF-COUNT	25	28
once.metta	IN		AGREE	2	2
parametric_types.metta	IN		DIFF-COUNT	1	3
parse.metta	IN		DIFF-VAL	5	5
partialdef.metta	IN		DIFF-VAL	2	2
patrick_iterate_fib.metta	IN		DIFF-COUNT	2	1
patrick_iterate_quad.metta	IN		DIFF-COUNT	2	1
patrick_test.metta	IN		DIFF-COUNT	4	2
peano.metta	IN		DIFF-VAL	1	1
peanofast.metta	IN		LEATTA-TIMEOUT	2	
permutations.metta	IN		LEATTA-TIMEOUT	1	
pln_direct.metta	IN		DIFF-COUNT	7	3
pln_roman.metta	IN		AGREE	1	1
pln_tuffy.metta	IN		AGREE	1	1
plntest.metta	IN		AGREE	1	1
plntestdirect.metta	IN		LEATTA-TIMEOUT	1	
prologimport.metta	OUT	import_prolog	DIFF-COUNT	1	3
python.metta	OUT	py-call	DIFF-VAL	1	1
python_import.metta	OUT	py-call	DIFF-VAL	2	2
recursive_types.metta	IN		DIFF-VAL	4	4
recursive_types2.metta	IN		AGREE	2	2
repl.metta	IN		PETTA-TIMEOUT		
repr.metta	IN		DIFF-VAL	6	6
roman_test.metta	IN		DIFF-COUNT	20	26
scale.metta	IN		DIFF-VAL	1	1
selfprog.metta	IN		DIFF-VAL	4	4
smartdispatch.metta	IN		AGREE	1	1
spacefunction.metta	IN		DIFF-VAL	8	8
spaces.metta	IN		AGREE	1	1
spaces2.metta	IN		AGREE-ORD	3	3
spaces3.metta	IN		AGREE-ORD	7	7
spaces_find.metta	IN		DIFF-VAL	1	1
spaces_removeallatoms.metta	IN		DIFF-COUNT	5	4
spaces_succeedspredicate.metta	IN		DIFF-COUNT	3	1
specialize.metta	IN		DIFF-COUNT	12	3
specializecyclic.metta	IN		DIFF-COUNT	4	2
specializefunctiontypes.metta	IN		DIFF-COUNT	3	1
state.metta	IN		AGREE	4	4
streamops.metta	IN		AGREE	4	4
string.metta	IN		DIFF-COUNT	0	1
supercollapse.metta	IN		AGREE	1	1
superpose_nested.metta	IN		AGREE	1	1
superpose_primes.metta	IN		AGREE	1	1
tabling_fib.metta	IN		LEATTA-TIMEOUT	3	
test_alpha_unique_atom.metta	IN		AGREE	13	13
test_backward_v01.metta	IN		DIFF-COUNT	3	6
test_backward_v02.metta	IN		AGREE	2	2
test_backward_v03.metta	IN		AGREE	5	5
test_backward_v04.metta	IN		AGREE	5	5
test_backward_v05.metta	IN		AGREE	5	5
test_backward_v06.metta	IN		DIFF-VAL	7	7
test_backward_v06_fixed.metta	IN		AGREE	7	7
test_backward_v07.metta	IN		AGREE	5	5
test_backward_v08.metta	IN		AGREE	5	5
test_backward_v09.metta	IN		AGREE	10	10
test_collapse.metta	IN		AGREE	5	5
test_deduce_raw.metta	IN		AGREE	3	3
test_evidence_kind.metta	IN		AGREE	5	5
test_evidence_kind_import.metta	IN		AGREE	6	6
test_evidence_kind_inline.metta	IN		AGREE	5	5
test_let_match.metta	IN		AGREE	3	3
test_match_3arg.metta	IN		AGREE	3	3
test_match_simple.metta	IN		DIFF-VAL	5	5
test_match_simple2.metta	IN		AGREE	1	1
test_nal_import.metta	IN		DIFF-VAL	5	5
test_nal_test_primitive.metta	IN		AGREE	9	9
test_nal_v032.metta	IN		AGREE	7	7
test_nal_v033.metta	IN		AGREE	5	5
test_nal_v034.metta	IN		AGREE	7	7
test_protocosmoMain.metta	IN		AGREE	2	2
test_string_comments.metta	IN		LEATTA-NOOUT	0	
test_stv_match.metta	IN		AGREE	2	2
test_ulc_accessors.metta	IN		AGREE	3	3
test_unify_eval_branches.metta	IN		DIFF-COUNT	6	5
tests.metta	IN		AGREE	1	1
tilepuzzle.metta	IN		LEATTA-TIMEOUT	1	
torch.metta	OUT	py-call	DIFF-VAL	1	1
translatepredicate.metta	OUT	translatePredicate	DIFF-VAL	1	1
translatorrule.metta	IN		DIFF-VAL	5	5
translatorrule_fib.metta	IN		DIFF-VAL	2	2
translatorrule_for.metta	IN		DIFF-VAL	2	2
twostage.metta	IN		AGREE	2	2
types.metta	IN		AGREE	13	13
types_dependent.metta	IN		AGREE	2	2
types_nondet.metta	IN		DIFF-COUNT	3	4
xor.metta	IN		AGREE	2	2
and_or.metta	IN		AGREE	1	1
atomops.metta	IN		AGREE	9	9
booleansolver.metta	IN		DIFF-COUNT	2	0
builin_types.metta	IN		DIFF-VAL	36	36
callquoteevalreduce.metta	IN		DIFF-COUNT	4	3
callquoteevalreduce2.metta	IN		DIFF-VAL	4	4
case.metta	IN		AGREE	1	1
case2.metta	IN		AGREE	1	1
caseconstrain.metta	IN		DIFF-COUNT	1	0
caseempty.metta	IN		AGREE	2	2
casenew.metta	IN		AGREE	1	1
chain.metta	IN		AGREE	2	2
collapse.metta	IN		AGREE	1	1
comments.metta	IN		AGREE	1	1
constanthead.metta	IN		AGREE	1	1
curry.metta	IN		DIFF-VAL	6	6
cut.metta	IN		AGREE	2	2
empty.metta	IN		AGREE	1	1
eval.metta	IN		DIFF-VAL	2	2
factorial.metta	IN		AGREE	1	1
fib.metta	IN		LEATTA-TIMEOUT	1	
fibadd.metta	IN		DIFF-COUNT	2	1
fibsmart.metta	IN		AGREE	1	1
fibsmartimport.metta	IN		AGREE	1	1
foldall.metta	IN		DIFF-COUNT	10	12
foldallmatch.metta	IN		AGREE	2	2
foldallspacecount.metta	IN		AGREE	1	1
forall.metta	IN		DIFF-COUNT	12	14
functionhead.metta	IN		DIFF-COUNT	2	0
functionhead2.metta	IN		DIFF-VAL	1	1
functionhead3.metta	IN		DIFF-VAL	6	6
functionremoval.metta	IN		DIFF-COUNT	8	14
functionremovalspec.metta	IN		DIFF-COUNT	6	12
functiontypes.metta	IN		DIFF-VAL	4	4
git_import.metta	OUT	git-import	DIFF-VAL	4	4
git_import2.metta	OUT	git-import	DIFF-COUNT	11	12
greedy_chess.metta	OUT	py-atom	PETTA-TIMEOUT		
he_assert.metta	IN		DIFF-VAL	5	5
he_atomspace.metta	IN		DIFF-COUNT	7	8
he_equalreduct.metta	IN		DIFF-VAL	4	4
he_error.metta	IN		DIFF-VAL	5	5
he_evaluation.metta	IN		DIFF-VAL	4	4
he_math.metta	IN		AGREE	19	19
he_minimalmetta.metta	IN		PETTA-TIMEOUT		
he_quoting.metta	IN		DIFF-COUNT	6	4
he_types.metta	IN		DIFF-VAL	7	7
holbenchmark.metta	IN		LEATTA-TIMEOUT	4	
holfunctions.metta	IN		AGREE	7	7
holfunctions_intrinsicop.metta	IN		DIFF-COUNT	1	0
hyperpose_primes.metta	IN		DIFF-COUNT	3	6
identity.metta	IN		AGREE	1	1
if.metta	IN		AGREE	1	1
if2.metta	IN		AGREE	1	1
if3.metta	IN		AGREE	1	1
if4.metta	IN		AGREE	1	1
ifcasenondet.metta	IN		AGREE	2	2
ifsimple.metta	IN		AGREE	1	1
invertfunction.metta	IN		DIFF-VAL	3	3
invertpeanoplus.metta	IN		DIFF-VAL	5	5
is_alpha_member_test.metta	IN		DIFF-COUNT	25	23
iter.metta	IN		AGREE	1	1
lambda.metta	IN		DIFF-VAL	7	7
let_superpose_if_case.metta	IN		AGREE	1	1
letext.metta	IN		AGREE	1	1
letlet.metta	IN		AGREE	1	1
letstar.metta	IN		AGREE	1	1
library.metta	IN		DIFF-COUNT	2	1
listhead.metta	IN		DIFF-COUNT	3	2
llm_cities.metta	IN		AGREE	3	3
logicprog.metta	IN		AGREE	1	1
logicprogset.metta	IN		DIFF-COUNT	1	0
matchnested.metta	IN		AGREE	1	1
matchnested2.metta	IN		AGREE	1	1
matchsingle.metta	IN		AGREE	2	2
matchtypes.metta	IN		DIFF-COUNT	6	20
matespace.metta	IN		DIFF-VAL	1	1
matespace2.metta	IN		LEATTA-TIMEOUT	1	
matespacefast.metta	IN		LEATTA-TIMEOUT	1	
math.metta	IN		AGREE	19	19
meta_types.metta	IN		AGREE	6	6
metta4_prog.metta	IN		AGREE	3	3
metta4_streams.metta	IN		DIFF-VAL	5	5
mettaset.metta	IN		DIFF-VAL	9	9
multicall.metta	IN		AGREE	1	1
multiset_operations.metta	IN		AGREE	4	4
mutex_and_transaction.metta	IN		DIFF-VAL	8	8
myinterpreter.metta	IN		DIFF-COUNT	4	0
nars_direct.metta	IN		DIFF-COUNT	7	4
nars_tuffy.metta	IN		DIFF-COUNT	0	1
nestedcons.metta	IN		DIFF-COUNT	1	0
nilbc.metta	IN		DIFF-COUNT	25	28
once.metta	IN		AGREE	2	2
parametric_types.metta	IN		DIFF-COUNT	1	3
parse.metta	IN		DIFF-VAL	5	5
partialdef.metta	IN		DIFF-VAL	2	2
patrick_iterate_fib.metta	IN		AGREE	2	2
patrick_iterate_quad.metta	IN		LEATTA-TIMEOUT	2	
patrick_test.metta	IN		DIFF-COUNT	4	3
peano.metta	IN		DIFF-VAL	1	1
peanofast.metta	IN		LEATTA-TIMEOUT	2	
permutations.metta	IN		LEATTA-TIMEOUT	1	
pln_direct.metta	IN		DIFF-COUNT	7	4
pln_roman.metta	IN		AGREE	1	1
pln_tuffy.metta	IN		AGREE	1	1
plntest.metta	IN		AGREE	1	1
plntestdirect.metta	IN		LEATTA-TIMEOUT	1	
prologimport.metta	OUT	import_prolog	DIFF-COUNT	1	3
python.metta	OUT	py-call	DIFF-VAL	1	1
python_import.metta	OUT	py-call	DIFF-VAL	2	2
recursive_types.metta	IN		DIFF-VAL	4	4
recursive_types2.metta	IN		AGREE	2	2
repl.metta	IN		PETTA-TIMEOUT		
repr.metta	IN		DIFF-VAL	6	6
roman_test.metta	IN		DIFF-COUNT	20	26
scale.metta	IN		DIFF-VAL	1	1
selfprog.metta	IN		DIFF-VAL	4	4
smartdispatch.metta	IN		AGREE	1	1
spacefunction.metta	IN		DIFF-VAL	8	8
spaces.metta	IN		AGREE	1	1
spaces2.metta	IN		AGREE-ORD	3	3
spaces3.metta	IN		AGREE-ORD	7	7
spaces_find.metta	IN		DIFF-VAL	1	1
spaces_removeallatoms.metta	IN		DIFF-VAL	5	5
spaces_succeedspredicate.metta	IN		DIFF-COUNT	3	2
specialize.metta	IN		DIFF-COUNT	12	3
specializecyclic.metta	IN		DIFF-COUNT	4	2
specializefunctiontypes.metta	IN		DIFF-COUNT	3	1
state.metta	IN		AGREE	4	4
streamops.metta	IN		AGREE	4	4
string.metta	IN		DIFF-COUNT	0	1
supercollapse.metta	IN		AGREE	1	1
superpose_nested.metta	IN		AGREE	1	1
superpose_primes.metta	IN		AGREE	1	1
tabling_fib.metta	IN		LEATTA-TIMEOUT	3	
test_alpha_unique_atom.metta	IN		AGREE	13	13
test_backward_v01.metta	IN		DIFF-COUNT	3	6
test_backward_v02.metta	IN		AGREE	2	2
test_backward_v03.metta	IN		AGREE	5	5
test_backward_v04.metta	IN		AGREE	5	5
test_backward_v05.metta	IN		AGREE	5	5
test_backward_v06.metta	IN		DIFF-VAL	7	7
test_backward_v06_fixed.metta	IN		AGREE	7	7
test_backward_v07.metta	IN		AGREE	5	5
test_backward_v08.metta	IN		AGREE	5	5
test_backward_v09.metta	IN		AGREE	10	10
test_collapse.metta	IN		AGREE	5	5
test_deduce_raw.metta	IN		AGREE	3	3
test_evidence_kind.metta	IN		AGREE	5	5
test_evidence_kind_import.metta	IN		AGREE	6	6
test_evidence_kind_inline.metta	IN		AGREE	5	5
test_let_match.metta	IN		AGREE	3	3
test_match_3arg.metta	IN		AGREE	3	3
test_match_simple.metta	IN		DIFF-VAL	5	5
test_match_simple2.metta	IN		AGREE	1	1
test_nal_import.metta	IN		DIFF-VAL	5	5
test_nal_test_primitive.metta	IN		AGREE	9	9
test_nal_v032.metta	IN		AGREE	7	7
test_nal_v033.metta	IN		AGREE	5	5
test_nal_v034.metta	IN		AGREE	7	7
test_protocosmoMain.metta	IN		AGREE	2	2
test_string_comments.metta	IN		LEATTA-NOOUT	0	
test_stv_match.metta	IN		AGREE	2	2
test_ulc_accessors.metta	IN		AGREE	3	3
test_unify_eval_branches.metta	IN		DIFF-COUNT	6	5
tests.metta	IN		AGREE	1	1
tilepuzzle.metta	IN		LEATTA-TIMEOUT	1	
torch.metta	OUT	py-call	DIFF-VAL	1	1
translatepredicate.metta	OUT	translatePredicate	DIFF-VAL	1	1
translatorrule.metta	IN		DIFF-VAL	5	5
translatorrule_fib.metta	IN		DIFF-VAL	2	2
translatorrule_for.metta	IN		DIFF-VAL	2	2
twostage.metta	IN		AGREE	2	2
types.metta	IN		AGREE	13	13
types_dependent.metta	IN		AGREE	2	2
types_nondet.metta	IN		DIFF-COUNT	3	4
xor.metta	IN		AGREE	2	2
and_or.metta	IN		AGREE	1	1
atomops.metta	IN		AGREE	9	9
booleansolver.metta	IN		DIFF-COUNT	2	0
builin_types.metta	IN		DIFF-VAL	36	36
callquoteevalreduce.metta	IN		DIFF-COUNT	4	3
callquoteevalreduce2.metta	IN		DIFF-VAL	4	4
case.metta	IN		AGREE	1	1
case2.metta	IN		AGREE	1	1
caseconstrain.metta	IN		DIFF-COUNT	1	0
caseempty.metta	IN		AGREE	2	2
casenew.metta	IN		AGREE	1	1
chain.metta	IN		AGREE	2	2
collapse.metta	IN		AGREE	1	1
comments.metta	IN		AGREE	1	1
constanthead.metta	IN		AGREE	1	1
curry.metta	IN		DIFF-VAL	6	6
cut.metta	IN		AGREE	2	2
empty.metta	IN		AGREE	1	1
eval.metta	IN		DIFF-VAL	2	2
factorial.metta	IN		AGREE	1	1
fib.metta	IN		LEATTA-TIMEOUT	1	
fibadd.metta	IN		DIFF-COUNT	2	1
fibsmart.metta	IN		AGREE	1	1
fibsmartimport.metta	IN		AGREE	1	1
foldall.metta	IN		DIFF-COUNT	10	12
foldallmatch.metta	IN		AGREE	2	2
foldallspacecount.metta	IN		AGREE	1	1
forall.metta	IN		DIFF-COUNT	12	14
functionhead.metta	IN		DIFF-COUNT	2	0
functionhead2.metta	IN		DIFF-VAL	1	1
functionhead3.metta	IN		DIFF-VAL	6	6
functionremoval.metta	IN		DIFF-COUNT	8	14
functionremovalspec.metta	IN		DIFF-COUNT	6	12
functiontypes.metta	IN		DIFF-VAL	4	4
git_import.metta	OUT	git-import	DIFF-VAL	4	4
git_import2.metta	OUT	git-import	DIFF-COUNT	11	12
greedy_chess.metta	OUT	py-atom	PETTA-TIMEOUT		
he_assert.metta	IN		DIFF-VAL	5	5
he_atomspace.metta	IN		DIFF-COUNT	7	8
he_equalreduct.metta	IN		DIFF-VAL	4	4
he_error.metta	IN		DIFF-VAL	5	5
he_evaluation.metta	IN		DIFF-VAL	4	4
he_math.metta	IN		AGREE	19	19
he_minimalmetta.metta	IN		PETTA-TIMEOUT		
he_quoting.metta	IN		DIFF-COUNT	6	4
he_types.metta	IN		DIFF-VAL	7	7
holbenchmark.metta	IN		LEATTA-TIMEOUT	4	
holfunctions.metta	IN		AGREE	7	7
holfunctions_intrinsicop.metta	IN		DIFF-COUNT	1	0
hyperpose_primes.metta	IN		DIFF-COUNT	3	6
identity.metta	IN		AGREE	1	1
if.metta	IN		AGREE	1	1
if2.metta	IN		AGREE	1	1
if3.metta	IN		AGREE	1	1
if4.metta	IN		AGREE	1	1
ifcasenondet.metta	IN		AGREE	2	2
ifsimple.metta	IN		AGREE	1	1
invertfunction.metta	IN		DIFF-VAL	3	3
invertpeanoplus.metta	IN		DIFF-VAL	5	5
is_alpha_member_test.metta	IN		DIFF-COUNT	25	23
iter.metta	IN		AGREE	1	1
lambda.metta	IN		DIFF-VAL	7	7
let_superpose_if_case.metta	IN		AGREE	1	1
letext.metta	IN		AGREE	1	1
letlet.metta	IN		AGREE	1	1
letstar.metta	IN		AGREE	1	1
library.metta	IN		DIFF-COUNT	2	1
listhead.metta	IN		DIFF-COUNT	3	2
llm_cities.metta	IN		AGREE	3	3
logicprog.metta	IN		AGREE	1	1
logicprogset.metta	IN		DIFF-COUNT	1	0
matchnested.metta	IN		AGREE	1	1
matchnested2.metta	IN		AGREE	1	1
matchsingle.metta	IN		AGREE	2	2
matchtypes.metta	IN		DIFF-COUNT	6	20
matespace.metta	IN		DIFF-VAL	1	1
matespace2.metta	IN		LEATTA-TIMEOUT	1	
matespacefast.metta	IN		LEATTA-TIMEOUT	1	
math.metta	IN		AGREE	19	19
meta_types.metta	IN		AGREE	6	6
metta4_prog.metta	IN		AGREE	3	3
metta4_streams.metta	IN		DIFF-VAL	5	5
mettaset.metta	IN		DIFF-VAL	9	9
multicall.metta	IN		AGREE	1	1
multiset_operations.metta	IN		AGREE	4	4
mutex_and_transaction.metta	IN		DIFF-VAL	8	8
myinterpreter.metta	IN		DIFF-COUNT	4	0
nars_direct.metta	IN		DIFF-COUNT	7	4
nars_tuffy.metta	IN		DIFF-COUNT	0	1
nestedcons.metta	IN		DIFF-COUNT	1	0
nilbc.metta	IN		DIFF-COUNT	25	28
once.metta	IN		AGREE	2	2
parametric_types.metta	IN		DIFF-COUNT	1	3
parse.metta	IN		DIFF-VAL	5	5
partialdef.metta	IN		DIFF-VAL	2	2
patrick_iterate_fib.metta	IN		AGREE	2	2
patrick_iterate_quad.metta	IN		DIFF-VAL	2	2
patrick_test.metta	IN		DIFF-COUNT	4	3
peano.metta	IN		DIFF-VAL	1	1
peanofast.metta	IN		LEATTA-TIMEOUT	2	
permutations.metta	IN		LEATTA-TIMEOUT	1	
pln_direct.metta	IN		DIFF-COUNT	7	4
pln_roman.metta	IN		AGREE	1	1
pln_tuffy.metta	IN		AGREE	1	1
plntest.metta	IN		AGREE	1	1
plntestdirect.metta	IN		LEATTA-TIMEOUT	1	
prologimport.metta	OUT	import_prolog	DIFF-COUNT	1	3
python.metta	OUT	py-call	DIFF-VAL	1	1
python_import.metta	OUT	py-call	DIFF-VAL	2	2
recursive_types.metta	IN		DIFF-VAL	4	4
recursive_types2.metta	IN		AGREE	2	2
repl.metta	IN		PETTA-TIMEOUT		
repr.metta	IN		DIFF-VAL	6	6
roman_test.metta	IN		DIFF-COUNT	20	26
scale.metta	IN		DIFF-VAL	1	1
selfprog.metta	IN		DIFF-VAL	4	4
smartdispatch.metta	IN		AGREE	1	1
spacefunction.metta	IN		DIFF-VAL	8	8
spaces.metta	IN		AGREE	1	1
spaces2.metta	IN		AGREE-ORD	3	3
spaces3.metta	IN		AGREE-ORD	7	7
spaces_find.metta	IN		DIFF-VAL	1	1
spaces_removeallatoms.metta	IN		DIFF-VAL	5	5
spaces_succeedspredicate.metta	IN		DIFF-COUNT	3	2
specialize.metta	IN		DIFF-COUNT	12	3
specializecyclic.metta	IN		DIFF-COUNT	4	2
specializefunctiontypes.metta	IN		DIFF-COUNT	3	1
state.metta	IN		AGREE	4	4
streamops.metta	IN		AGREE	4	4
string.metta	IN		DIFF-COUNT	0	1
supercollapse.metta	IN		AGREE	1	1
superpose_nested.metta	IN		AGREE	1	1
superpose_primes.metta	IN		AGREE	1	1
tabling_fib.metta	IN		LEATTA-TIMEOUT	3	
test_alpha_unique_atom.metta	IN		AGREE	13	13
test_backward_v01.metta	IN		DIFF-COUNT	3	6
test_backward_v02.metta	IN		AGREE	2	2
test_backward_v03.metta	IN		AGREE	5	5
test_backward_v04.metta	IN		AGREE	5	5
test_backward_v05.metta	IN		AGREE	5	5
test_backward_v06.metta	IN		DIFF-VAL	7	7
test_backward_v06_fixed.metta	IN		AGREE	7	7
test_backward_v07.metta	IN		AGREE	5	5
test_backward_v08.metta	IN		AGREE	5	5
test_backward_v09.metta	IN		AGREE	10	10
test_collapse.metta	IN		AGREE	5	5
test_deduce_raw.metta	IN		AGREE	3	3
test_evidence_kind.metta	IN		AGREE	5	5
test_evidence_kind_import.metta	IN		AGREE	6	6
test_evidence_kind_inline.metta	IN		AGREE	5	5
test_let_match.metta	IN		AGREE	3	3
test_match_3arg.metta	IN		AGREE	3	3
test_match_simple.metta	IN		DIFF-VAL	5	5
test_match_simple2.metta	IN		AGREE	1	1
test_nal_import.metta	IN		DIFF-VAL	5	5
test_nal_test_primitive.metta	IN		AGREE	9	9
test_nal_v032.metta	IN		AGREE	7	7
test_nal_v033.metta	IN		AGREE	5	5
test_nal_v034.metta	IN		AGREE	7	7
test_protocosmoMain.metta	IN		AGREE	2	2
test_string_comments.metta	IN		LEATTA-NOOUT	0	
test_stv_match.metta	IN		AGREE	2	2
test_ulc_accessors.metta	IN		AGREE	3	3
test_unify_eval_branches.metta	IN		DIFF-COUNT	6	5
tests.metta	IN		AGREE	1	1
tilepuzzle.metta	IN		LEATTA-TIMEOUT	1	
torch.metta	OUT	py-call	DIFF-VAL	1	1
translatepredicate.metta	OUT	translatePredicate	DIFF-VAL	1	1
translatorrule.metta	IN		DIFF-VAL	5	5
translatorrule_fib.metta	IN		DIFF-VAL	2	2
translatorrule_for.metta	IN		DIFF-VAL	2	2
twostage.metta	IN		AGREE	2	2
types.metta	IN		AGREE	13	13
types_dependent.metta	IN		AGREE	2	2
types_nondet.metta	IN		DIFF-COUNT	3	4
xor.metta	IN		AGREE	2	2
and_or.metta	IN		DIFF-COUNT	1	0
atomops.metta	IN		DIFF-VAL	9	9
booleansolver.metta	IN		AGREE	2	2
builin_types.metta	IN		LEATTA-NOOUT	36	
callquoteevalreduce.metta	IN		LEATTA-NOOUT	4	
callquoteevalreduce2.metta	IN		LEATTA-NOOUT	4	
case.metta	IN		DIFF-COUNT	1	2
case2.metta	IN		AGREE	1	1
caseconstrain.metta	IN		AGREE	1	1
caseempty.metta	IN		DIFF-COUNT	2	1
casenew.metta	IN		AGREE	1	1
chain.metta	IN		DIFF-COUNT	2	0
collapse.metta	IN		AGREE	1	1
comments.metta	IN		AGREE	1	1
constanthead.metta	IN		AGREE	1	1
curry.metta	IN		DIFF-COUNT	6	0
cut.metta	IN		AGREE	2	2
empty.metta	IN		AGREE	1	1
eval.metta	IN		LEATTA-NOOUT	2	
factorial.metta	IN		AGREE	1	1
fib.metta	IN		LEATTA-TIMEOUT	1	
fibadd.metta	IN		DIFF-COUNT	2	1
fibsmart.metta	IN		AGREE	1	1
fibsmartimport.metta	IN		LEATTA-NOOUT	1	
foldall.metta	IN		DIFF-COUNT	10	4
foldallmatch.metta	IN		DIFF-COUNT	2	4
foldallspacecount.metta	IN		DIFF-COUNT	1	3
forall.metta	IN		DIFF-COUNT	12	6
functionhead.metta	IN		AGREE	2	2
functionhead2.metta	IN		DIFF-VAL	1	1
functionhead3.metta	IN		AGREE	6	6
functionremoval.metta	IN		DIFF-VAL	8	8
functionremovalspec.metta	IN		DIFF-COUNT	6	7
functiontypes.metta	IN		DIFF-VAL	4	4
git_import.metta	OUT	git-import	LEATTA-NOOUT	4	
git_import2.metta	OUT	git-import	LEATTA-NOOUT	11	
greedy_chess.metta	OUT	py-atom	PETTA-TIMEOUT		
he_assert.metta	IN		LEATTA-NOOUT	5	
he_atomspace.metta	IN		LEATTA-NOOUT	7	
he_equalreduct.metta	IN		LEATTA-NOOUT	4	
he_error.metta	IN		LEATTA-NOOUT	5	
he_evaluation.metta	IN		LEATTA-NOOUT	4	
he_math.metta	IN		DIFF-COUNT	19	17
he_minimalmetta.metta	IN		PETTA-TIMEOUT		
he_quoting.metta	IN		LEATTA-NOOUT	6	
he_types.metta	IN		LEATTA-NOOUT	7	
holbenchmark.metta	IN		LEATTA-TIMEOUT	4	
holfunctions.metta	IN		LEATTA-TIMEOUT	7	
holfunctions_intrinsicop.metta	IN		DIFF-COUNT	1	0
hyperpose_primes.metta	IN		LEATTA-TIMEOUT	3	
identity.metta	IN		AGREE	1	1
if.metta	IN		AGREE	1	1
if2.metta	IN		DIFF-COUNT	1	0
if3.metta	IN		DIFF-COUNT	1	0
if4.metta	IN		AGREE	1	1
ifcasenondet.metta	IN		DIFF-VAL	2	2
ifsimple.metta	IN		AGREE	1	1
invertfunction.metta	IN		AGREE	3	3
invertpeanoplus.metta	IN		LEATTA-TIMEOUT	5	
is_alpha_member_test.metta	IN		DIFF-COUNT	25	23
iter.metta	IN		AGREE	1	1
lambda.metta	IN		LEATTA-NOOUT	7	
let_superpose_if_case.metta	IN		DIFF-VAL	1	1
letext.metta	IN		DIFF-COUNT	1	0
letlet.metta	IN		AGREE	1	1
letstar.metta	IN		AGREE	1	1
library.metta	IN		LEATTA-NOOUT	2	
listhead.metta	IN		AGREE	3	3
llm_cities.metta	IN		LEATTA-NOOUT	3	
logicprog.metta	IN		AGREE	1	1
logicprogset.metta	IN		AGREE	1	1
matchnested.metta	IN		DIFF-VAL	1	1
matchnested2.metta	IN		DIFF-VAL	1	1
matchsingle.metta	IN		AGREE	2	2
matchtypes.metta	IN		AGREE	6	6
matespace.metta	IN		LEATTA-TIMEOUT	1	
matespace2.metta	IN		LEATTA-TIMEOUT	1	
matespacefast.metta	IN		LEATTA-TIMEOUT	1	
math.metta	IN		DIFF-COUNT	19	17
meta_types.metta	IN		LEATTA-NOOUT	6	
metta4_prog.metta	IN		DIFF-VAL	3	3
metta4_streams.metta	IN		DIFF-COUNT	5	7
mettaset.metta	IN		AGREE	9	9
multicall.metta	IN		AGREE	1	1
multiset_operations.metta	IN		DIFF-VAL	4	4
mutex_and_transaction.metta	IN		DIFF-COUNT	8	4
myinterpreter.metta	IN		LEATTA-NOOUT	4	
nars_direct.metta	IN		LEATTA-NOOUT	7	
nars_tuffy.metta	IN		LEATTA-NOOUT	0	
nestedcons.metta	IN		AGREE	1	1
nilbc.metta	IN		LEATTA-NOOUT	25	
once.metta	IN		AGREE	2	2
parametric_types.metta	IN		LEATTA-NOOUT	1	
parse.metta	IN		DIFF-VAL	5	5
partialdef.metta	IN		DIFF-COUNT	2	0
patrick_iterate_fib.metta	IN		LEATTA-NOOUT	2	
patrick_iterate_quad.metta	IN		LEATTA-NOOUT	2	
patrick_test.metta	IN		LEATTA-NOOUT	4	
peano.metta	IN		LEATTA-TIMEOUT	1	
peanofast.metta	IN		LEATTA-TIMEOUT	2	
permutations.metta	IN		DIFF-VAL	1	1
pln_direct.metta	IN		LEATTA-NOOUT	7	
pln_roman.metta	IN		LEATTA-NOOUT	1	
pln_tuffy.metta	IN		LEATTA-NOOUT	1	
plntest.metta	IN		DIFF-COUNT	1	0
plntestdirect.metta	IN		LEATTA-TIMEOUT	1	
prologimport.metta	OUT	import_prolog	LEATTA-NOOUT	1	
python.metta	OUT	py-call	DIFF-VAL	1	1
python_import.metta	OUT	py-call	LEATTA-NOOUT	2	
recursive_types.metta	IN		LEATTA-NOOUT	4	
recursive_types2.metta	IN		AGREE	2	2
repl.metta	IN		PETTA-TIMEOUT		
repr.metta	IN		DIFF-VAL	6	6
roman_test.metta	IN		LEATTA-NOOUT	20	
scale.metta	IN		LEATTA-TIMEOUT	1	
selfprog.metta	IN		DIFF-COUNT	4	3
smartdispatch.metta	IN		DIFF-VAL	1	1
spacefunction.metta	IN		DIFF-COUNT	8	5
spaces.metta	IN		AGREE	1	1
spaces2.metta	IN		DIFF-VAL	3	3
spaces3.metta	IN		DIFF-VAL	7	7
spaces_find.metta	IN		LEATTA-NOOUT	1	
spaces_removeallatoms.metta	IN		LEATTA-NOOUT	5	
spaces_succeedspredicate.metta	IN		LEATTA-NOOUT	3	
specialize.metta	IN		DIFF-COUNT	12	0
specializecyclic.metta	IN		DIFF-COUNT	4	2
specializefunctiontypes.metta	IN		DIFF-COUNT	3	1
state.metta	IN		LEATTA-NOOUT	4	
streamops.metta	IN		DIFF-VAL	4	4
string.metta	IN		DIFF-COUNT	0	1
supercollapse.metta	IN		DIFF-VAL	1	1
superpose_nested.metta	IN		AGREE	1	1
superpose_primes.metta	IN		LEATTA-TIMEOUT	1	
tabling_fib.metta	IN		LEATTA-NOOUT	3	
test_alpha_unique_atom.metta	IN		DIFF-VAL	13	13
test_backward_v01.metta	IN		LEATTA-NOOUT	3	
test_backward_v02.metta	IN		AGREE	2	2
test_backward_v03.metta	IN		AGREE	5	5
test_backward_v04.metta	IN		LEATTA-NOOUT	5	
test_backward_v05.metta	IN		LEATTA-NOOUT	5	
test_backward_v06.metta	IN		LEATTA-NOOUT	7	
test_backward_v06_fixed.metta	IN		LEATTA-NOOUT	7	
test_backward_v07.metta	IN		LEATTA-NOOUT	5	
test_backward_v08.metta	IN		LEATTA-NOOUT	5	
test_backward_v09.metta	IN		LEATTA-NOOUT	10	
test_collapse.metta	IN		LEATTA-NOOUT	5	
test_deduce_raw.metta	IN		LEATTA-NOOUT	3	
test_evidence_kind.metta	IN		LEATTA-NOOUT	5	
test_evidence_kind_import.metta	IN		LEATTA-NOOUT	6	
test_evidence_kind_inline.metta	IN		AGREE	5	5
test_let_match.metta	IN		LEATTA-NOOUT	3	
test_match_3arg.metta	IN		AGREE	3	3
test_match_simple.metta	IN		LEATTA-NOOUT	5	
test_match_simple2.metta	IN		AGREE	1	1
test_nal_import.metta	IN		LEATTA-NOOUT	5	
test_nal_test_primitive.metta	IN		LEATTA-NOOUT	9	
test_nal_v032.metta	IN		LEATTA-NOOUT	7	
test_nal_v033.metta	IN		LEATTA-NOOUT	5	
test_nal_v034.metta	IN		LEATTA-NOOUT	7	
test_protocosmoMain.metta	IN		LEATTA-NOOUT	2	
test_string_comments.metta	IN		LEATTA-NOOUT	0	
test_stv_match.metta	IN		AGREE	2	2
test_ulc_accessors.metta	IN		LEATTA-NOOUT	3	
test_unify_eval_branches.metta	IN		LEATTA-NOOUT	6	
tests.metta	IN		DIFF-VAL	1	1
tilepuzzle.metta	IN		LEATTA-NOOUT	1	
torch.metta	OUT	py-call	DIFF-VAL	1	1
translatepredicate.metta	OUT	translatePredicate	LEATTA-NOOUT	1	
translatorrule.metta	IN		DIFF-VAL	5	5
translatorrule_fib.metta	IN		DIFF-VAL	2	2
translatorrule_for.metta	IN		DIFF-VAL	2	2
twostage.metta	IN		AGREE	2	2
types.metta	IN		LEATTA-NOOUT	13	
types_dependent.metta	IN		LEATTA-NOOUT	2	
types_nondet.metta	IN		DIFF-COUNT	3	4
xor.metta	IN		DIFF-COUNT	2	0
and_or.metta	IN		DIFF-COUNT	1	0
atomops.metta	IN		DIFF-VAL	9	9
booleansolver.metta	IN		AGREE	2	2
builin_types.metta	IN		LEATTA-NOOUT	36	
callquoteevalreduce.metta	IN		LEATTA-NOOUT	4	
callquoteevalreduce2.metta	IN		LEATTA-NOOUT	4	
case.metta	IN		DIFF-COUNT	1	2
case2.metta	IN		AGREE	1	1
caseconstrain.metta	IN		AGREE	1	1
caseempty.metta	IN		DIFF-COUNT	2	1
casenew.metta	IN		AGREE	1	1
chain.metta	IN		DIFF-COUNT	2	0
collapse.metta	IN		AGREE	1	1
comments.metta	IN		AGREE	1	1
constanthead.metta	IN		AGREE	1	1
curry.metta	IN		DIFF-COUNT	6	0
cut.metta	IN		AGREE	2	2
empty.metta	IN		AGREE	1	1
eval.metta	IN		LEATTA-NOOUT	2	
factorial.metta	IN		AGREE	1	1
fib.metta	IN		LEATTA-TIMEOUT	1	
fibadd.metta	IN		DIFF-COUNT	2	1
fibsmart.metta	IN		AGREE	1	1
fibsmartimport.metta	IN		AGREE	1	1
foldall.metta	IN		DIFF-COUNT	10	4
foldallmatch.metta	IN		DIFF-COUNT	2	4
foldallspacecount.metta	IN		DIFF-COUNT	1	3
forall.metta	IN		DIFF-COUNT	12	6
functionhead.metta	IN		AGREE	2	2
functionhead2.metta	IN		DIFF-VAL	1	1
functionhead3.metta	IN		AGREE	6	6
functionremoval.metta	IN		DIFF-VAL	8	8
functionremovalspec.metta	IN		DIFF-COUNT	6	7
functiontypes.metta	IN		DIFF-VAL	4	4
git_import.metta	OUT	git-import	LEATTA-NOOUT	4	
git_import2.metta	OUT	git-import	LEATTA-NOOUT	11	
greedy_chess.metta	OUT	py-atom	PETTA-TIMEOUT		
he_assert.metta	IN		AGREE	5	5
he_atomspace.metta	IN		LEATTA-NOOUT	7	
he_equalreduct.metta	IN		DIFF-VAL	4	4
he_error.metta	IN		DIFF-COUNT	5	4
he_evaluation.metta	IN		LEATTA-NOOUT	4	
he_math.metta	IN		DIFF-COUNT	19	17
he_minimalmetta.metta	IN		PETTA-TIMEOUT		
he_quoting.metta	IN		LEATTA-NOOUT	6	
he_types.metta	IN		DIFF-VAL	7	7
holbenchmark.metta	IN		LEATTA-TIMEOUT	4	
holfunctions.metta	IN		LEATTA-TIMEOUT	7	
holfunctions_intrinsicop.metta	IN		DIFF-COUNT	1	0
hyperpose_primes.metta	IN		LEATTA-TIMEOUT	3	
identity.metta	IN		AGREE	1	1
if.metta	IN		AGREE	1	1
if2.metta	IN		DIFF-COUNT	1	0
if3.metta	IN		DIFF-COUNT	1	0
if4.metta	IN		AGREE	1	1
ifcasenondet.metta	IN		DIFF-VAL	2	2
ifsimple.metta	IN		AGREE	1	1
invertfunction.metta	IN		AGREE	3	3
invertpeanoplus.metta	IN		LEATTA-TIMEOUT	5	
is_alpha_member_test.metta	IN		DIFF-COUNT	25	23
iter.metta	IN		AGREE	1	1
lambda.metta	IN		LEATTA-NOOUT	7	
let_superpose_if_case.metta	IN		DIFF-VAL	1	1
letext.metta	IN		DIFF-COUNT	1	0
letlet.metta	IN		AGREE	1	1
letstar.metta	IN		AGREE	1	1
library.metta	IN		DIFF-COUNT	2	1
listhead.metta	IN		AGREE	3	3
llm_cities.metta	IN		AGREE	3	3
logicprog.metta	IN		AGREE	1	1
logicprogset.metta	IN		AGREE	1	1
matchnested.metta	IN		DIFF-VAL	1	1
matchnested2.metta	IN		DIFF-VAL	1	1
matchsingle.metta	IN		AGREE	2	2
matchtypes.metta	IN		AGREE	6	6
matespace.metta	IN		LEATTA-TIMEOUT	1	
matespace2.metta	IN		LEATTA-TIMEOUT	1	
matespacefast.metta	IN		LEATTA-TIMEOUT	1	
math.metta	IN		DIFF-COUNT	19	17
meta_types.metta	IN		LEATTA-NOOUT	6	
metta4_prog.metta	IN		DIFF-VAL	3	3
metta4_streams.metta	IN		DIFF-COUNT	5	7
mettaset.metta	IN		AGREE	9	9
multicall.metta	IN		AGREE	1	1
multiset_operations.metta	IN		DIFF-VAL	4	4
mutex_and_transaction.metta	IN		DIFF-COUNT	8	4
myinterpreter.metta	IN		LEATTA-NOOUT	4	
nars_direct.metta	IN		LEATTA-NOOUT	7	
nars_tuffy.metta	IN		DIFF-COUNT	0	1
nestedcons.metta	IN		AGREE	1	1
nilbc.metta	IN		LEATTA-NOOUT	25	
once.metta	IN		AGREE	2	2
parametric_types.metta	IN		LEATTA-NOOUT	1	
parse.metta	IN		DIFF-VAL	5	5
partialdef.metta	IN		DIFF-COUNT	2	0
patrick_iterate_fib.metta	IN		DIFF-VAL	2	2
patrick_iterate_quad.metta	IN		DIFF-COUNT	2	1
patrick_test.metta	IN		DIFF-COUNT	4	3
peano.metta	IN		LEATTA-TIMEOUT	1	
peanofast.metta	IN		LEATTA-TIMEOUT	2	
permutations.metta	IN		DIFF-VAL	1	1
pln_direct.metta	IN		LEATTA-NOOUT	7	
pln_roman.metta	IN		AGREE	1	1
pln_tuffy.metta	IN		AGREE	1	1
plntest.metta	IN		DIFF-COUNT	1	0
plntestdirect.metta	IN		LEATTA-TIMEOUT	1	
prologimport.metta	OUT	import_prolog	DIFF-COUNT	1	3
python.metta	OUT	py-call	DIFF-VAL	1	1
python_import.metta	OUT	py-call	DIFF-VAL	2	2
recursive_types.metta	IN		LEATTA-NOOUT	4	
recursive_types2.metta	IN		AGREE	2	2
repl.metta	IN		PETTA-TIMEOUT		
repr.metta	IN		DIFF-VAL	6	6
roman_test.metta	IN		DIFF-COUNT	20	15
scale.metta	IN		LEATTA-TIMEOUT	1	
selfprog.metta	IN		DIFF-COUNT	4	3
smartdispatch.metta	IN		DIFF-VAL	1	1
spacefunction.metta	IN		DIFF-COUNT	8	5
spaces.metta	IN		AGREE	1	1
spaces2.metta	IN		DIFF-VAL	3	3
spaces3.metta	IN		DIFF-VAL	7	7
spaces_find.metta	IN		DIFF-VAL	1	1
spaces_removeallatoms.metta	IN		DIFF-VAL	5	5
spaces_succeedspredicate.metta	IN		DIFF-COUNT	3	2
specialize.metta	IN		DIFF-COUNT	12	0
specializecyclic.metta	IN		DIFF-COUNT	4	2
specializefunctiontypes.metta	IN		DIFF-COUNT	3	1
state.metta	IN		LEATTA-NOOUT	4	
streamops.metta	IN		DIFF-VAL	4	4
string.metta	IN		DIFF-COUNT	0	1
supercollapse.metta	IN		DIFF-VAL	1	1
superpose_nested.metta	IN		AGREE	1	1
superpose_primes.metta	IN		LEATTA-TIMEOUT	1	
tabling_fib.metta	IN		LEATTA-TIMEOUT	3	
test_alpha_unique_atom.metta	IN		DIFF-VAL	13	13
test_backward_v01.metta	IN		DIFF-COUNT	3	6
test_backward_v02.metta	IN		AGREE	2	2
test_backward_v03.metta	IN		AGREE	5	5
test_backward_v04.metta	IN		AGREE	5	5
test_backward_v05.metta	IN		AGREE	5	5
test_backward_v06.metta	IN		DIFF-COUNT	7	5
test_backward_v06_fixed.metta	IN		AGREE	7	7
test_backward_v07.metta	IN		AGREE	5	5
test_backward_v08.metta	IN		AGREE	5	5
test_backward_v09.metta	IN		AGREE	10	10
test_collapse.metta	IN		AGREE	5	5
test_deduce_raw.metta	IN		AGREE	3	3
test_evidence_kind.metta	IN		AGREE	5	5
test_evidence_kind_import.metta	IN		AGREE	6	6
test_evidence_kind_inline.metta	IN		AGREE	5	5
test_let_match.metta	IN		AGREE	3	3
test_match_3arg.metta	IN		AGREE	3	3
test_match_simple.metta	IN		DIFF-VAL	5	5
test_match_simple2.metta	IN		AGREE	1	1
test_nal_import.metta	IN		DIFF-COUNT	5	3
test_nal_test_primitive.metta	IN		AGREE	9	9
test_nal_v032.metta	IN		AGREE	7	7
test_nal_v033.metta	IN		DIFF-VAL	5	5
test_nal_v034.metta	IN		DIFF-VAL	7	7
test_protocosmoMain.metta	IN		AGREE	2	2
test_string_comments.metta	IN		LEATTA-NOOUT	0	
test_stv_match.metta	IN		AGREE	2	2
test_ulc_accessors.metta	IN		AGREE	3	3
test_unify_eval_branches.metta	IN		DIFF-COUNT	6	5
tests.metta	IN		DIFF-VAL	1	1
tilepuzzle.metta	IN		LEATTA-TIMEOUT	1	
torch.metta	OUT	py-call	DIFF-VAL	1	1
translatepredicate.metta	OUT	translatePredicate	LEATTA-NOOUT	1	
translatorrule.metta	IN		DIFF-VAL	5	5
translatorrule_fib.metta	IN		DIFF-VAL	2	2
translatorrule_for.metta	IN		DIFF-VAL	2	2
twostage.metta	IN		AGREE	2	2
types.metta	IN		LEATTA-NOOUT	13	
types_dependent.metta	IN		LEATTA-NOOUT	2	
types_nondet.metta	IN		DIFF-COUNT	3	4
xor.metta	IN		DIFF-COUNT	2	0
and_or.metta	IN		AGREE	1	1
atomops.metta	IN		DIFF-COUNT	9	7
booleansolver.metta	IN		DIFF-COUNT	2	0
builin_types.metta	IN		LEATTA-NOOUT	36	
callquoteevalreduce.metta	IN		LEATTA-NOOUT	4	
callquoteevalreduce2.metta	IN		LEATTA-NOOUT	4	
case.metta	IN		AGREE	1	1
case2.metta	IN		AGREE	1	1
caseconstrain.metta	IN		AGREE	1	1
caseempty.metta	IN		AGREE	2	2
casenew.metta	IN		AGREE	1	1
chain.metta	IN		AGREE	2	2
collapse.metta	IN		AGREE	1	1
comments.metta	IN		AGREE	1	1
constanthead.metta	IN		AGREE	1	1
curry.metta	IN		DIFF-COUNT	6	0
cut.metta	IN		AGREE	2	2
empty.metta	IN		AGREE	1	1
eval.metta	IN		LEATTA-NOOUT	2	
factorial.metta	IN		AGREE	1	1
fib.metta	IN		LEATTA-TIMEOUT	1	
fibadd.metta	IN		DIFF-COUNT	2	1
fibsmart.metta	IN		AGREE	1	1
fibsmartimport.metta	IN		AGREE	1	1
foldall.metta	IN		DIFF-COUNT	10	2
foldallmatch.metta	IN		DIFF-COUNT	2	0
foldallspacecount.metta	IN		AGREE	1	1
forall.metta	IN		DIFF-COUNT	12	2
functionhead.metta	IN		DIFF-COUNT	2	0
functionhead2.metta	IN		AGREE	1	1
functionhead3.metta	IN		AGREE	6	6
functionremoval.metta	IN		DIFF-COUNT	8	7
functionremovalspec.metta	IN		DIFF-COUNT	6	5
functiontypes.metta	IN		DIFF-VAL	4	4
git_import.metta	OUT	git-import	LEATTA-NOOUT	4	
git_import2.metta	OUT	git-import	LEATTA-NOOUT	11	
greedy_chess.metta	OUT	py-atom	PETTA-TIMEOUT		
he_assert.metta	IN		DIFF-COUNT	5	4
he_atomspace.metta	IN		LEATTA-NOOUT	7	
he_equalreduct.metta	IN		DIFF-COUNT	4	2
he_error.metta	IN		DIFF-COUNT	5	4
he_evaluation.metta	IN		LEATTA-NOOUT	4	
he_math.metta	IN		DIFF-COUNT	19	17
he_minimalmetta.metta	IN		PETTA-TIMEOUT		
he_quoting.metta	IN		LEATTA-NOOUT	6	
he_types.metta	IN		AGREE	7	7
holbenchmark.metta	IN		LEATTA-TIMEOUT	4	
holfunctions.metta	IN		LEATTA-TIMEOUT	7	
holfunctions_intrinsicop.metta	IN		DIFF-COUNT	1	0
hyperpose_primes.metta	IN		LEATTA-TIMEOUT	3	
identity.metta	IN		AGREE	1	1
if.metta	IN		AGREE	1	1
if2.metta	IN		AGREE	1	1
if3.metta	IN		DIFF-COUNT	1	0
if4.metta	IN		AGREE	1	1
ifcasenondet.metta	IN		DIFF-VAL	2	2
ifsimple.metta	IN		AGREE	1	1
invertfunction.metta	IN		DIFF-COUNT	3	0
invertpeanoplus.metta	IN		LEATTA-TIMEOUT	5	
is_alpha_member_test.metta	IN		DIFF-COUNT	25	22
iter.metta	IN		DIFF-COUNT	1	0
lambda.metta	IN		LEATTA-NOOUT	7	
let_superpose_if_case.metta	IN		AGREE	1	1
letext.metta	IN		DIFF-COUNT	1	0
letlet.metta	IN		DIFF-COUNT	1	0
letstar.metta	IN		AGREE	1	1
library.metta	IN		DIFF-COUNT	2	1
listhead.metta	IN		DIFF-COUNT	3	2
llm_cities.metta	IN		AGREE	3	3
logicprog.metta	IN		AGREE	1	1
logicprogset.metta	IN		AGREE	1	1
matchnested.metta	IN		AGREE	1	1
matchnested2.metta	IN		DIFF-VAL	1	1
matchsingle.metta	IN		AGREE	2	2
matchtypes.metta	IN		AGREE	6	6
matespace.metta	IN		DIFF-VAL	1	1
matespace2.metta	IN		DIFF-VAL	1	1
matespacefast.metta	IN		LEATTA-TIMEOUT	1	
math.metta	IN		DIFF-COUNT	19	17
meta_types.metta	IN		LEATTA-NOOUT	6	
metta4_prog.metta	IN		AGREE	3	3
metta4_streams.metta	IN		DIFF-COUNT	5	3
mettaset.metta	IN		AGREE	9	9
multicall.metta	IN		AGREE	1	1
multiset_operations.metta	IN		DIFF-VAL	4	4
mutex_and_transaction.metta	IN		DIFF-COUNT	8	4
myinterpreter.metta	IN		LEATTA-NOOUT	4	
nars_direct.metta	IN		LEATTA-NOOUT	7	
nars_tuffy.metta	IN		DIFF-COUNT	0	1
nestedcons.metta	IN		AGREE	1	1
nilbc.metta	IN		LEATTA-NOOUT	25	
once.metta	IN		AGREE	2	2
parametric_types.metta	IN		LEATTA-NOOUT	1	
parse.metta	IN		DIFF-VAL	5	5
partialdef.metta	IN		DIFF-COUNT	2	0
patrick_iterate_fib.metta	IN		DIFF-COUNT	2	1
patrick_iterate_quad.metta	IN		DIFF-COUNT	2	1
patrick_test.metta	IN		DIFF-COUNT	4	3
peano.metta	IN		DIFF-VAL	1	1
peanofast.metta	IN		LEATTA-TIMEOUT	2	
permutations.metta	IN		DIFF-VAL	1	1
pln_direct.metta	IN		LEATTA-NOOUT	7	
pln_roman.metta	IN		AGREE	1	1
pln_tuffy.metta	IN		AGREE	1	1
plntest.metta	IN		DIFF-COUNT	1	0
plntestdirect.metta	IN		LEATTA-TIMEOUT	1	
prologimport.metta	OUT	import_prolog	DIFF-COUNT	1	3
python.metta	OUT	py-call	DIFF-VAL	1	1
python_import.metta	OUT	py-call	DIFF-VAL	2	2
recursive_types.metta	IN		LEATTA-NOOUT	4	
recursive_types2.metta	IN		AGREE	2	2
repl.metta	IN		PETTA-TIMEOUT		
repr.metta	IN		DIFF-VAL	6	6
roman_test.metta	IN		DIFF-COUNT	20	13
scale.metta	IN		LEATTA-TIMEOUT	1	
selfprog.metta	IN		DIFF-COUNT	4	3
smartdispatch.metta	IN		DIFF-VAL	1	1
spacefunction.metta	IN		DIFF-COUNT	8	5
spaces.metta	IN		AGREE	1	1
spaces2.metta	IN		AGREE-ORD	3	3
spaces3.metta	IN		DIFF-VAL	7	7
spaces_find.metta	IN		DIFF-VAL	1	1
spaces_removeallatoms.metta	IN		DIFF-VAL	5	5
spaces_succeedspredicate.metta	IN		DIFF-COUNT	3	2
specialize.metta	IN		DIFF-COUNT	12	0
specializecyclic.metta	IN		DIFF-COUNT	4	2
specializefunctiontypes.metta	IN		DIFF-COUNT	3	1
state.metta	IN		LEATTA-NOOUT	4	
streamops.metta	IN		DIFF-VAL	4	4
string.metta	IN		DIFF-COUNT	0	1
supercollapse.metta	IN		DIFF-COUNT	1	0
superpose_nested.metta	IN		AGREE	1	1
superpose_primes.metta	IN		LEATTA-TIMEOUT	1	
tabling_fib.metta	IN		LEATTA-TIMEOUT	3	
test_alpha_unique_atom.metta	IN		DIFF-COUNT	13	4
test_backward_v01.metta	IN		DIFF-COUNT	3	6
test_backward_v02.metta	IN		AGREE	2	2
test_backward_v03.metta	IN		AGREE	5	5
test_backward_v04.metta	IN		AGREE	5	5
test_backward_v05.metta	IN		AGREE	5	5
test_backward_v06.metta	IN		DIFF-COUNT	7	5
test_backward_v06_fixed.metta	IN		AGREE	7	7
test_backward_v07.metta	IN		AGREE	5	5
test_backward_v08.metta	IN		AGREE	5	5
test_backward_v09.metta	IN		AGREE	10	10
test_collapse.metta	IN		AGREE	5	5
test_deduce_raw.metta	IN		AGREE	3	3
test_evidence_kind.metta	IN		AGREE	5	5
test_evidence_kind_import.metta	IN		AGREE	6	6
test_evidence_kind_inline.metta	IN		AGREE	5	5
test_let_match.metta	IN		AGREE	3	3
test_match_3arg.metta	IN		AGREE	3	3
test_match_simple.metta	IN		DIFF-VAL	5	5
test_match_simple2.metta	IN		AGREE	1	1
test_nal_import.metta	IN		DIFF-COUNT	5	3
test_nal_test_primitive.metta	IN		AGREE	9	9
test_nal_v032.metta	IN		AGREE	7	7
test_nal_v033.metta	IN		DIFF-VAL	5	5
test_nal_v034.metta	IN		DIFF-VAL	7	7
test_protocosmoMain.metta	IN		AGREE	2	2
test_string_comments.metta	IN		LEATTA-NOOUT	0	
test_stv_match.metta	IN		AGREE	2	2
test_ulc_accessors.metta	IN		AGREE	3	3
test_unify_eval_branches.metta	IN		DIFF-COUNT	6	5
tests.metta	IN		DIFF-VAL	1	1
tilepuzzle.metta	IN		LEATTA-TIMEOUT	1	
torch.metta	OUT	py-call	DIFF-COUNT	1	0
translatepredicate.metta	OUT	translatePredicate	LEATTA-NOOUT	1	
translatorrule.metta	IN		DIFF-VAL	5	5
translatorrule_fib.metta	IN		DIFF-VAL	2	2
translatorrule_for.metta	IN		DIFF-VAL	2	2
twostage.metta	IN		AGREE	2	2
types.metta	IN		LEATTA-NOOUT	13	
types_dependent.metta	IN		LEATTA-NOOUT	2	
types_nondet.metta	IN		DIFF-COUNT	3	4
xor.metta	IN		DIFF-COUNT	2	0
and_or.metta	IN		AGREE	1	1
atomops.metta	IN		DIFF-COUNT	9	7
booleansolver.metta	IN		AGREE	2	2
builin_types.metta	IN		LEATTA-NOOUT	36	
callquoteevalreduce.metta	IN		LEATTA-NOOUT	4	
callquoteevalreduce2.metta	IN		LEATTA-NOOUT	4	
case.metta	IN		AGREE	1	1
case2.metta	IN		AGREE	1	1
caseconstrain.metta	IN		AGREE	1	1
caseempty.metta	IN		AGREE	2	2
casenew.metta	IN		AGREE	1	1
chain.metta	IN		AGREE	2	2
collapse.metta	IN		AGREE	1	1
comments.metta	IN		AGREE	1	1
constanthead.metta	IN		AGREE	1	1
curry.metta	IN		DIFF-COUNT	6	0
cut.metta	IN		AGREE	2	2
empty.metta	IN		AGREE	1	1
eval.metta	IN		LEATTA-NOOUT	2	
factorial.metta	IN		AGREE	1	1
fib.metta	IN		LEATTA-TIMEOUT	1	
fibadd.metta	IN		DIFF-COUNT	2	1
fibsmart.metta	IN		AGREE	1	1
fibsmartimport.metta	IN		AGREE	1	1
foldall.metta	IN		DIFF-COUNT	10	2
foldallmatch.metta	IN		AGREE	2	2
foldallspacecount.metta	IN		AGREE	1	1
forall.metta	IN		DIFF-COUNT	12	2
functionhead.metta	IN		AGREE	2	2
functionhead2.metta	IN		AGREE	1	1
functionhead3.metta	IN		AGREE	6	6
functionremoval.metta	IN		DIFF-VAL	8	8
functionremovalspec.metta	IN		DIFF-COUNT	6	7
functiontypes.metta	IN		DIFF-VAL	4	4
git_import.metta	OUT	git-import	LEATTA-NOOUT	4	
git_import2.metta	OUT	git-import	LEATTA-NOOUT	11	
greedy_chess.metta	OUT	py-atom	PETTA-TIMEOUT		
he_assert.metta	IN		AGREE	5	5
he_atomspace.metta	IN		LEATTA-NOOUT	7	
he_equalreduct.metta	IN		DIFF-COUNT	4	2
he_error.metta	IN		DIFF-COUNT	5	4
he_evaluation.metta	IN		LEATTA-NOOUT	4	
he_math.metta	IN		DIFF-COUNT	19	17
he_minimalmetta.metta	IN		PETTA-TIMEOUT		
he_quoting.metta	IN		LEATTA-NOOUT	6	
he_types.metta	IN		AGREE	7	7
holbenchmark.metta	IN		LEATTA-TIMEOUT	4	
holfunctions.metta	IN		LEATTA-TIMEOUT	7	
holfunctions_intrinsicop.metta	IN		DIFF-COUNT	1	0
hyperpose_primes.metta	IN		LEATTA-TIMEOUT	3	
identity.metta	IN		AGREE	1	1
if.metta	IN		AGREE	1	1
if2.metta	IN		AGREE	1	1
if3.metta	IN		DIFF-COUNT	1	0
if4.metta	IN		AGREE	1	1
ifcasenondet.metta	IN		DIFF-VAL	2	2
ifsimple.metta	IN		AGREE	1	1
invertfunction.metta	IN		AGREE	3	3
invertpeanoplus.metta	IN		LEATTA-TIMEOUT	5	
is_alpha_member_test.metta	IN		DIFF-COUNT	25	23
iter.metta	IN		AGREE	1	1
lambda.metta	IN		LEATTA-NOOUT	7	
let_superpose_if_case.metta	IN		AGREE	1	1
letext.metta	IN		DIFF-COUNT	1	0
letlet.metta	IN		AGREE	1	1
letstar.metta	IN		AGREE	1	1
library.metta	IN		DIFF-COUNT	2	1
listhead.metta	IN		AGREE	3	3
llm_cities.metta	IN		AGREE	3	3
logicprog.metta	IN		AGREE	1	1
logicprogset.metta	IN		AGREE	1	1
matchnested.metta	IN		AGREE	1	1
matchnested2.metta	IN		DIFF-VAL	1	1
matchsingle.metta	IN		AGREE	2	2
matchtypes.metta	IN		AGREE	6	6
matespace.metta	IN		DIFF-VAL	1	1
matespace2.metta	IN		DIFF-VAL	1	1
matespacefast.metta	IN		LEATTA-TIMEOUT	1	
math.metta	IN		DIFF-COUNT	19	17
meta_types.metta	IN		LEATTA-NOOUT	6	
metta4_prog.metta	IN		AGREE	3	3
metta4_streams.metta	IN		DIFF-COUNT	5	3
mettaset.metta	IN		AGREE	9	9
multicall.metta	IN		AGREE	1	1
multiset_operations.metta	IN		DIFF-VAL	4	4
mutex_and_transaction.metta	IN		DIFF-COUNT	8	4
myinterpreter.metta	IN		LEATTA-NOOUT	4	
nars_direct.metta	IN		LEATTA-NOOUT	7	
nars_tuffy.metta	IN		DIFF-COUNT	0	1
nestedcons.metta	IN		AGREE	1	1
nilbc.metta	IN		LEATTA-NOOUT	25	
once.metta	IN		AGREE	2	2
parametric_types.metta	IN		LEATTA-NOOUT	1	
parse.metta	IN		DIFF-VAL	5	5
partialdef.metta	IN		DIFF-COUNT	2	0
patrick_iterate_fib.metta	IN		AGREE	2	2
patrick_iterate_quad.metta	IN		DIFF-COUNT	2	1
patrick_test.metta	IN		DIFF-COUNT	4	3
peano.metta	IN		DIFF-VAL	1	1
peanofast.metta	IN		LEATTA-TIMEOUT	2	
permutations.metta	IN		DIFF-VAL	1	1
pln_direct.metta	IN		LEATTA-NOOUT	7	
pln_roman.metta	IN		AGREE	1	1
pln_tuffy.metta	IN		AGREE	1	1
plntest.metta	IN		DIFF-COUNT	1	0
plntestdirect.metta	IN		LEATTA-TIMEOUT	1	
prologimport.metta	OUT	import_prolog	DIFF-COUNT	1	3
python.metta	OUT	py-call	DIFF-VAL	1	1
python_import.metta	OUT	py-call	DIFF-VAL	2	2
recursive_types.metta	IN		LEATTA-NOOUT	4	
recursive_types2.metta	IN		AGREE	2	2
repl.metta	IN		PETTA-TIMEOUT		
repr.metta	IN		DIFF-VAL	6	6
roman_test.metta	IN		DIFF-COUNT	20	15
scale.metta	IN		LEATTA-TIMEOUT	1	
selfprog.metta	IN		DIFF-COUNT	4	3
smartdispatch.metta	IN		DIFF-VAL	1	1
spacefunction.metta	IN		DIFF-COUNT	8	5
spaces.metta	IN		AGREE	1	1
spaces2.metta	IN		AGREE-ORD	3	3
spaces3.metta	IN		AGREE	7	7
spaces_find.metta	IN		DIFF-VAL	1	1
spaces_removeallatoms.metta	IN		DIFF-VAL	5	5
spaces_succeedspredicate.metta	IN		DIFF-COUNT	3	2
specialize.metta	IN		DIFF-COUNT	12	0
specializecyclic.metta	IN		DIFF-COUNT	4	2
specializefunctiontypes.metta	IN		DIFF-COUNT	3	1
state.metta	IN		LEATTA-NOOUT	4	
streamops.metta	IN		DIFF-VAL	4	4
string.metta	IN		DIFF-COUNT	0	1
supercollapse.metta	IN		DIFF-VAL	1	1
superpose_nested.metta	IN		AGREE	1	1
superpose_primes.metta	IN		LEATTA-TIMEOUT	1	
tabling_fib.metta	IN		LEATTA-TIMEOUT	3	
test_alpha_unique_atom.metta	IN		DIFF-COUNT	13	4
test_backward_v01.metta	IN		DIFF-COUNT	3	6
test_backward_v02.metta	IN		AGREE	2	2
test_backward_v03.metta	IN		AGREE	5	5
test_backward_v04.metta	IN		AGREE	5	5
test_backward_v05.metta	IN		AGREE	5	5
test_backward_v06.metta	IN		DIFF-COUNT	7	5
test_backward_v06_fixed.metta	IN		AGREE	7	7
test_backward_v07.metta	IN		AGREE	5	5
test_backward_v08.metta	IN		AGREE	5	5
test_backward_v09.metta	IN		AGREE	10	10
test_collapse.metta	IN		AGREE	5	5
test_deduce_raw.metta	IN		AGREE	3	3
test_evidence_kind.metta	IN		AGREE	5	5
test_evidence_kind_import.metta	IN		AGREE	6	6
test_evidence_kind_inline.metta	IN		AGREE	5	5
test_let_match.metta	IN		AGREE	3	3
test_match_3arg.metta	IN		AGREE	3	3
test_match_simple.metta	IN		DIFF-VAL	5	5
test_match_simple2.metta	IN		AGREE	1	1
test_nal_import.metta	IN		DIFF-COUNT	5	3
test_nal_test_primitive.metta	IN		AGREE	9	9
test_nal_v032.metta	IN		AGREE	7	7
test_nal_v033.metta	IN		DIFF-VAL	5	5
test_nal_v034.metta	IN		DIFF-VAL	7	7
test_protocosmoMain.metta	IN		AGREE	2	2
test_string_comments.metta	IN		LEATTA-NOOUT	0	
test_stv_match.metta	IN		AGREE	2	2
test_ulc_accessors.metta	IN		AGREE	3	3
test_unify_eval_branches.metta	IN		DIFF-COUNT	6	5
tests.metta	IN		DIFF-VAL	1	1
tilepuzzle.metta	IN		LEATTA-TIMEOUT	1	
torch.metta	OUT	py-call	DIFF-VAL	1	1
translatepredicate.metta	OUT	translatePredicate	LEATTA-NOOUT	1	
translatorrule.metta	IN		DIFF-VAL	5	5
translatorrule_fib.metta	IN		DIFF-VAL	2	2
translatorrule_for.metta	IN		DIFF-VAL	2	2
twostage.metta	IN		AGREE	2	2
types.metta	IN		LEATTA-NOOUT	13	
types_dependent.metta	IN		LEATTA-NOOUT	2	
types_nondet.metta	IN		DIFF-COUNT	3	4
xor.metta	IN		DIFF-COUNT	2	0
and_or.metta	IN		AGREE	1	1
atomops.metta	IN		AGREE	9	9
booleansolver.metta	IN		AGREE	2	2
builin_types.metta	IN		LEATTA-NOOUT	36	
callquoteevalreduce.metta	IN		LEATTA-NOOUT	4	
callquoteevalreduce2.metta	IN		LEATTA-NOOUT	4	
case.metta	IN		AGREE	1	1
case2.metta	IN		AGREE	1	1
caseconstrain.metta	IN		AGREE	1	1
caseempty.metta	IN		AGREE	2	2
casenew.metta	IN		AGREE	1	1
chain.metta	IN		AGREE	2	2
collapse.metta	IN		AGREE	1	1
comments.metta	IN		AGREE	1	1
constanthead.metta	IN		AGREE	1	1
curry.metta	IN		DIFF-COUNT	6	0
cut.metta	IN		AGREE	2	2
empty.metta	IN		AGREE	1	1
eval.metta	IN		LEATTA-NOOUT	2	
factorial.metta	IN		AGREE	1	1
fib.metta	IN		LEATTA-TIMEOUT	1	
fibadd.metta	IN		DIFF-COUNT	2	1
fibsmart.metta	IN		AGREE	1	1
fibsmartimport.metta	IN		AGREE	1	1
foldall.metta	IN		DIFF-COUNT	10	2
foldallmatch.metta	IN		AGREE	2	2
foldallspacecount.metta	IN		AGREE	1	1
forall.metta	IN		DIFF-COUNT	12	2
functionhead.metta	IN		AGREE	2	2
functionhead2.metta	IN		AGREE	1	1
functionhead3.metta	IN		AGREE	6	6
functionremoval.metta	IN		DIFF-VAL	8	8
functionremovalspec.metta	IN		DIFF-COUNT	6	7
functiontypes.metta	IN		DIFF-VAL	4	4
git_import.metta	OUT	git-import	LEATTA-NOOUT	4	
git_import2.metta	OUT	git-import	LEATTA-NOOUT	11	
greedy_chess.metta	OUT	py-atom	PETTA-TIMEOUT		
he_assert.metta	IN		AGREE	5	5
he_atomspace.metta	IN		LEATTA-NOOUT	7	
he_equalreduct.metta	IN		AGREE	4	4
he_error.metta	IN		DIFF-COUNT	5	4
he_evaluation.metta	IN		LEATTA-NOOUT	4	
he_math.metta	IN		DIFF-COUNT	19	17
he_minimalmetta.metta	IN		PETTA-TIMEOUT		
he_quoting.metta	IN		LEATTA-NOOUT	6	
he_types.metta	IN		AGREE	7	7
holbenchmark.metta	IN		LEATTA-TIMEOUT	4	
holfunctions.metta	IN		AGREE	7	7
holfunctions_intrinsicop.metta	IN		DIFF-COUNT	1	0
hyperpose_primes.metta	IN		LEATTA-TIMEOUT	3	
identity.metta	IN		AGREE	1	1
if.metta	IN		AGREE	1	1
if2.metta	IN		AGREE	1	1
if3.metta	IN		AGREE	1	1
if4.metta	IN		AGREE	1	1
ifcasenondet.metta	IN		DIFF-VAL	2	2
ifsimple.metta	IN		AGREE	1	1
invertfunction.metta	IN		AGREE	3	3
invertpeanoplus.metta	IN		LEATTA-TIMEOUT	5	
is_alpha_member_test.metta	IN		DIFF-COUNT	25	23
iter.metta	IN		AGREE	1	1
lambda.metta	IN		LEATTA-NOOUT	7	
let_superpose_if_case.metta	IN		AGREE	1	1
letext.metta	IN		AGREE	1	1
letlet.metta	IN		AGREE	1	1
letstar.metta	IN		AGREE	1	1
library.metta	IN		DIFF-COUNT	2	1
listhead.metta	IN		AGREE	3	3
llm_cities.metta	IN		AGREE	3	3
logicprog.metta	IN		AGREE	1	1
logicprogset.metta	IN		AGREE	1	1
matchnested.metta	IN		AGREE	1	1
matchnested2.metta	IN		DIFF-VAL	1	1
matchsingle.metta	IN		AGREE	2	2
matchtypes.metta	IN		AGREE	6	6
matespace.metta	IN		DIFF-VAL	1	1
matespace2.metta	IN		DIFF-VAL	1	1
matespacefast.metta	IN		LEATTA-TIMEOUT	1	
math.metta	IN		DIFF-COUNT	19	17
meta_types.metta	IN		LEATTA-NOOUT	6	
metta4_prog.metta	IN		AGREE	3	3
metta4_streams.metta	IN		DIFF-COUNT	5	3
mettaset.metta	IN		AGREE	9	9
multicall.metta	IN		AGREE	1	1
multiset_operations.metta	IN		DIFF-VAL	4	4
mutex_and_transaction.metta	IN		DIFF-COUNT	8	4
myinterpreter.metta	IN		LEATTA-NOOUT	4	
nars_direct.metta	IN		LEATTA-NOOUT	7	
nars_tuffy.metta	IN		DIFF-COUNT	0	1
nestedcons.metta	IN		AGREE	1	1
nilbc.metta	IN		LEATTA-NOOUT	25	
once.metta	IN		AGREE	2	2
parametric_types.metta	IN		LEATTA-NOOUT	1	
parse.metta	IN		DIFF-VAL	5	5
partialdef.metta	IN		DIFF-COUNT	2	0
patrick_iterate_fib.metta	IN		AGREE	2	2
patrick_iterate_quad.metta	IN		LEATTA-TIMEOUT	2	
patrick_test.metta	IN		DIFF-COUNT	4	3
peano.metta	IN		DIFF-VAL	1	1
peanofast.metta	IN		LEATTA-TIMEOUT	2	
permutations.metta	IN		DIFF-VAL	1	1
pln_direct.metta	IN		LEATTA-NOOUT	7	
pln_roman.metta	IN		AGREE	1	1
pln_tuffy.metta	IN		AGREE	1	1
plntest.metta	IN		DIFF-COUNT	1	0
plntestdirect.metta	IN		LEATTA-TIMEOUT	1	
prologimport.metta	OUT	import_prolog	DIFF-COUNT	1	3
python.metta	OUT	py-call	DIFF-VAL	1	1
python_import.metta	OUT	py-call	DIFF-VAL	2	2
recursive_types.metta	IN		LEATTA-NOOUT	4	
recursive_types2.metta	IN		AGREE	2	2
repl.metta	IN		PETTA-TIMEOUT		
repr.metta	IN		DIFF-VAL	6	6
roman_test.metta	IN		DIFF-COUNT	20	15
scale.metta	IN		LEATTA-TIMEOUT	1	
selfprog.metta	IN		DIFF-COUNT	4	3
smartdispatch.metta	IN		DIFF-VAL	1	1
spacefunction.metta	IN		DIFF-COUNT	8	5
spaces.metta	IN		AGREE	1	1
spaces2.metta	IN		AGREE-ORD	3	3
spaces3.metta	IN		AGREE	7	7
spaces_find.metta	IN		DIFF-VAL	1	1
spaces_removeallatoms.metta	IN		DIFF-VAL	5	5
spaces_succeedspredicate.metta	IN		DIFF-COUNT	3	2
specialize.metta	IN		DIFF-COUNT	12	0
specializecyclic.metta	IN		DIFF-COUNT	4	2
specializefunctiontypes.metta	IN		DIFF-COUNT	3	1
state.metta	IN		LEATTA-NOOUT	4	
streamops.metta	IN		DIFF-VAL	4	4
string.metta	IN		DIFF-COUNT	0	1
supercollapse.metta	IN		AGREE	1	1
superpose_nested.metta	IN		AGREE	1	1
superpose_primes.metta	IN		LEATTA-TIMEOUT	1	
tabling_fib.metta	IN		LEATTA-TIMEOUT	3	
test_alpha_unique_atom.metta	IN		AGREE	13	13
test_backward_v01.metta	IN		DIFF-COUNT	3	6
test_backward_v02.metta	IN		AGREE	2	2
test_backward_v03.metta	IN		AGREE	5	5
test_backward_v04.metta	IN		AGREE	5	5
test_backward_v05.metta	IN		AGREE	5	5
test_backward_v06.metta	IN		DIFF-COUNT	7	5
test_backward_v06_fixed.metta	IN		AGREE	7	7
test_backward_v07.metta	IN		AGREE	5	5
test_backward_v08.metta	IN		AGREE	5	5
test_backward_v09.metta	IN		AGREE	10	10
test_collapse.metta	IN		AGREE	5	5
test_deduce_raw.metta	IN		AGREE	3	3
test_evidence_kind.metta	IN		AGREE	5	5
test_evidence_kind_import.metta	IN		AGREE	6	6
test_evidence_kind_inline.metta	IN		AGREE	5	5
test_let_match.metta	IN		AGREE	3	3
test_match_3arg.metta	IN		AGREE	3	3
test_match_simple.metta	IN		DIFF-VAL	5	5
test_match_simple2.metta	IN		AGREE	1	1
test_nal_import.metta	IN		DIFF-COUNT	5	3
test_nal_test_primitive.metta	IN		AGREE	9	9
test_nal_v032.metta	IN		AGREE	7	7
test_nal_v033.metta	IN		AGREE	5	5
test_nal_v034.metta	IN		AGREE	7	7
test_protocosmoMain.metta	IN		AGREE	2	2
test_string_comments.metta	IN		LEATTA-NOOUT	0	
test_stv_match.metta	IN		AGREE	2	2
test_ulc_accessors.metta	IN		AGREE	3	3
test_unify_eval_branches.metta	IN		DIFF-COUNT	6	5
tests.metta	IN		AGREE	1	1
tilepuzzle.metta	IN		LEATTA-TIMEOUT	1	
torch.metta	OUT	py-call	DIFF-VAL	1	1
translatepredicate.metta	OUT	translatePredicate	LEATTA-NOOUT	1	
translatorrule.metta	IN		DIFF-VAL	5	5
translatorrule_fib.metta	IN		DIFF-VAL	2	2
translatorrule_for.metta	IN		DIFF-VAL	2	2
twostage.metta	IN		AGREE	2	2
types.metta	IN		LEATTA-NOOUT	13	
types_dependent.metta	IN		LEATTA-NOOUT	2	
types_nondet.metta	IN		DIFF-COUNT	3	4
xor.metta	IN		AGREE	2	2
and_or.metta	IN		AGREE	1	1
atomops.metta	IN		AGREE	9	9
booleansolver.metta	IN		AGREE	2	2
builin_types.metta	IN		LEATTA-NOOUT	36	
callquoteevalreduce.metta	IN		LEATTA-NOOUT	4	
callquoteevalreduce2.metta	IN		LEATTA-NOOUT	4	
case.metta	IN		AGREE	1	1
case2.metta	IN		AGREE	1	1
caseconstrain.metta	IN		AGREE	1	1
caseempty.metta	IN		AGREE	2	2
casenew.metta	IN		AGREE	1	1
chain.metta	IN		AGREE	2	2
collapse.metta	IN		AGREE	1	1
comments.metta	IN		AGREE	1	1
constanthead.metta	IN		AGREE	1	1
curry.metta	IN		DIFF-COUNT	6	0
cut.metta	IN		AGREE	2	2
empty.metta	IN		AGREE	1	1
eval.metta	IN		LEATTA-NOOUT	2	
factorial.metta	IN		AGREE	1	1
fib.metta	IN		LEATTA-TIMEOUT	1	
fibadd.metta	IN		DIFF-COUNT	2	1
fibsmart.metta	IN		AGREE	1	1
fibsmartimport.metta	IN		AGREE	1	1
foldall.metta	IN		DIFF-COUNT	10	2
foldallmatch.metta	IN		AGREE	2	2
foldallspacecount.metta	IN		AGREE	1	1
forall.metta	IN		DIFF-COUNT	12	2
functionhead.metta	IN		AGREE	2	2
functionhead2.metta	IN		AGREE	1	1
functionhead3.metta	IN		AGREE	6	6
functionremoval.metta	IN		DIFF-VAL	8	8
functionremovalspec.metta	IN		DIFF-COUNT	6	7
functiontypes.metta	IN		DIFF-VAL	4	4
git_import.metta	OUT	git-import	LEATTA-NOOUT	4	
git_import2.metta	OUT	git-import	LEATTA-NOOUT	11	
greedy_chess.metta	OUT	py-atom	PETTA-TIMEOUT		
he_assert.metta	IN		AGREE	5	5
he_atomspace.metta	IN		LEATTA-NOOUT	7	
he_equalreduct.metta	IN		AGREE	4	4
he_error.metta	IN		DIFF-COUNT	5	4
he_evaluation.metta	IN		LEATTA-NOOUT	4	
he_math.metta	IN		AGREE	19	19
he_minimalmetta.metta	IN		PETTA-TIMEOUT		
he_quoting.metta	IN		LEATTA-NOOUT	6	
he_types.metta	IN		AGREE	7	7
holbenchmark.metta	IN		LEATTA-TIMEOUT	4	
holfunctions.metta	IN		AGREE	7	7
holfunctions_intrinsicop.metta	IN		DIFF-COUNT	1	0
hyperpose_primes.metta	IN		LEATTA-TIMEOUT	3	
identity.metta	IN		AGREE	1	1
if.metta	IN		AGREE	1	1
if2.metta	IN		AGREE	1	1
if3.metta	IN		AGREE	1	1
if4.metta	IN		AGREE	1	1
ifcasenondet.metta	IN		AGREE	2	2
ifsimple.metta	IN		AGREE	1	1
invertfunction.metta	IN		AGREE	3	3
invertpeanoplus.metta	IN		LEATTA-TIMEOUT	5	
is_alpha_member_test.metta	IN		DIFF-COUNT	25	23
iter.metta	IN		AGREE	1	1
lambda.metta	IN		LEATTA-NOOUT	7	
let_superpose_if_case.metta	IN		AGREE	1	1
letext.metta	IN		AGREE	1	1
letlet.metta	IN		AGREE	1	1
letstar.metta	IN		AGREE	1	1
library.metta	IN		DIFF-COUNT	2	1
listhead.metta	IN		AGREE	3	3
llm_cities.metta	IN		AGREE	3	3
logicprog.metta	IN		AGREE	1	1
logicprogset.metta	IN		AGREE	1	1
matchnested.metta	IN		AGREE	1	1
matchnested2.metta	IN		DIFF-VAL	1	1
matchsingle.metta	IN		AGREE	2	2
matchtypes.metta	IN		AGREE	6	6
matespace.metta	IN		LEATTA-TIMEOUT	1	
matespace2.metta	IN		LEATTA-TIMEOUT	1	
matespacefast.metta	IN		LEATTA-TIMEOUT	1	
math.metta	IN		AGREE	19	19
meta_types.metta	IN		LEATTA-NOOUT	6	
metta4_prog.metta	IN		AGREE	3	3
metta4_streams.metta	IN		DIFF-COUNT	5	3
mettaset.metta	IN		AGREE	9	9
multicall.metta	IN		AGREE	1	1
multiset_operations.metta	IN		AGREE	4	4
mutex_and_transaction.metta	IN		DIFF-COUNT	8	4
myinterpreter.metta	IN		LEATTA-NOOUT	4	
nars_direct.metta	IN		LEATTA-NOOUT	7	
nars_tuffy.metta	IN		DIFF-COUNT	0	1
nestedcons.metta	IN		AGREE	1	1
nilbc.metta	IN		LEATTA-NOOUT	25	
once.metta	IN		AGREE	2	2
parametric_types.metta	IN		LEATTA-NOOUT	1	
parse.metta	IN		DIFF-VAL	5	5
partialdef.metta	IN		DIFF-COUNT	2	0
patrick_iterate_fib.metta	IN		AGREE	2	2
patrick_iterate_quad.metta	IN		LEATTA-TIMEOUT	2	
patrick_test.metta	IN		DIFF-COUNT	4	3
peano.metta	IN		LEATTA-TIMEOUT	1	
peanofast.metta	IN		LEATTA-TIMEOUT	2	
permutations.metta	IN		DIFF-VAL	1	1
pln_direct.metta	IN		LEATTA-NOOUT	7	
pln_roman.metta	IN		AGREE	1	1
pln_tuffy.metta	IN		AGREE	1	1
plntest.metta	IN		DIFF-COUNT	1	0
plntestdirect.metta	IN		LEATTA-TIMEOUT	1	
prologimport.metta	OUT	import_prolog	DIFF-COUNT	1	3
python.metta	OUT	py-call	DIFF-VAL	1	1
python_import.metta	OUT	py-call	DIFF-VAL	2	2
recursive_types.metta	IN		LEATTA-NOOUT	4	
recursive_types2.metta	IN		AGREE	2	2
repl.metta	IN		PETTA-TIMEOUT		
repr.metta	IN		DIFF-VAL	6	6
roman_test.metta	IN		DIFF-COUNT	20	15
scale.metta	IN		LEATTA-TIMEOUT	1	
selfprog.metta	IN		DIFF-COUNT	4	3
smartdispatch.metta	IN		DIFF-VAL	1	1
spacefunction.metta	IN		DIFF-COUNT	8	5
spaces.metta	IN		AGREE	1	1
spaces2.metta	IN		AGREE-ORD	3	3
spaces3.metta	IN		AGREE	7	7
spaces_find.metta	IN		DIFF-VAL	1	1
spaces_removeallatoms.metta	IN		DIFF-VAL	5	5
spaces_succeedspredicate.metta	IN		DIFF-COUNT	3	2
specialize.metta	IN		DIFF-COUNT	12	0
specializecyclic.metta	IN		DIFF-COUNT	4	2
specializefunctiontypes.metta	IN		DIFF-COUNT	3	1
state.metta	IN		LEATTA-NOOUT	4	
streamops.metta	IN		AGREE	4	4
string.metta	IN		DIFF-COUNT	0	1
supercollapse.metta	IN		AGREE	1	1
superpose_nested.metta	IN		AGREE	1	1
superpose_primes.metta	IN		LEATTA-TIMEOUT	1	
tabling_fib.metta	IN		LEATTA-TIMEOUT	3	
test_alpha_unique_atom.metta	IN		AGREE	13	13
test_backward_v01.metta	IN		DIFF-COUNT	3	6
test_backward_v02.metta	IN		AGREE	2	2
test_backward_v03.metta	IN		AGREE	5	5
test_backward_v04.metta	IN		AGREE	5	5
test_backward_v05.metta	IN		AGREE	5	5
test_backward_v06.metta	IN		DIFF-COUNT	7	5
test_backward_v06_fixed.metta	IN		AGREE	7	7
test_backward_v07.metta	IN		AGREE	5	5
test_backward_v08.metta	IN		AGREE	5	5
test_backward_v09.metta	IN		AGREE	10	10
test_collapse.metta	IN		AGREE	5	5
test_deduce_raw.metta	IN		AGREE	3	3
test_evidence_kind.metta	IN		AGREE	5	5
test_evidence_kind_import.metta	IN		AGREE	6	6
test_evidence_kind_inline.metta	IN		AGREE	5	5
test_let_match.metta	IN		AGREE	3	3
test_match_3arg.metta	IN		AGREE	3	3
test_match_simple.metta	IN		DIFF-VAL	5	5
test_match_simple2.metta	IN		AGREE	1	1
test_nal_import.metta	IN		DIFF-COUNT	5	3
test_nal_test_primitive.metta	IN		AGREE	9	9
test_nal_v032.metta	IN		AGREE	7	7
test_nal_v033.metta	IN		AGREE	5	5
test_nal_v034.metta	IN		AGREE	7	7
test_protocosmoMain.metta	IN		AGREE	2	2
test_string_comments.metta	IN		LEATTA-NOOUT	0	
test_stv_match.metta	IN		AGREE	2	2
test_ulc_accessors.metta	IN		AGREE	3	3
test_unify_eval_branches.metta	IN		DIFF-COUNT	6	5
tests.metta	IN		AGREE	1	1
tilepuzzle.metta	IN		LEATTA-TIMEOUT	1	
torch.metta	OUT	py-call	DIFF-VAL	1	1
translatepredicate.metta	OUT	translatePredicate	LEATTA-NOOUT	1	
translatorrule.metta	IN		DIFF-VAL	5	5
translatorrule_fib.metta	IN		DIFF-VAL	2	2
translatorrule_for.metta	IN		DIFF-VAL	2	2
twostage.metta	IN		AGREE	2	2
types.metta	IN		LEATTA-NOOUT	13	
types_dependent.metta	IN		LEATTA-NOOUT	2	
types_nondet.metta	IN		DIFF-COUNT	3	4
xor.metta	IN		AGREE	2	2
and_or.metta	IN		LEATTA-NOOUT	1	
atomops.metta	IN		LEATTA-NOOUT	9	
booleansolver.metta	IN		LEATTA-NOOUT	2	
builin_types.metta	IN		LEATTA-NOOUT	36	
callquoteevalreduce.metta	IN		LEATTA-NOOUT	4	
callquoteevalreduce2.metta	IN		LEATTA-NOOUT	4	
case.metta	IN		LEATTA-NOOUT	1	
case2.metta	IN		LEATTA-NOOUT	1	
caseconstrain.metta	IN		LEATTA-NOOUT	1	
caseempty.metta	IN		LEATTA-NOOUT	2	
casenew.metta	IN		LEATTA-NOOUT	1	
chain.metta	IN		LEATTA-NOOUT	2	
collapse.metta	IN		LEATTA-NOOUT	1	
comments.metta	IN		LEATTA-NOOUT	1	
constanthead.metta	IN		LEATTA-NOOUT	1	
curry.metta	IN		LEATTA-NOOUT	6	
cut.metta	IN		LEATTA-NOOUT	2	
empty.metta	IN		LEATTA-NOOUT	1	
eval.metta	IN		LEATTA-NOOUT	2	
factorial.metta	IN		LEATTA-NOOUT	1	
fib.metta	IN		LEATTA-NOOUT	1	
fibadd.metta	IN		LEATTA-NOOUT	2	
fibsmart.metta	IN		LEATTA-NOOUT	1	
fibsmartimport.metta	IN		LEATTA-NOOUT	1	
foldall.metta	IN		LEATTA-NOOUT	10	
foldallmatch.metta	IN		LEATTA-NOOUT	2	
foldallspacecount.metta	IN		LEATTA-NOOUT	1	
forall.metta	IN		LEATTA-NOOUT	12	
functionhead.metta	IN		LEATTA-NOOUT	2	
functionhead2.metta	IN		LEATTA-NOOUT	1	
functionhead3.metta	IN		LEATTA-NOOUT	6	
functionremoval.metta	IN		LEATTA-NOOUT	8	
functionremovalspec.metta	IN		LEATTA-NOOUT	6	
functiontypes.metta	IN		LEATTA-NOOUT	4	
git_import.metta	OUT	git-import	LEATTA-NOOUT	4	
git_import2.metta	OUT	git-import	LEATTA-NOOUT	11	
greedy_chess.metta	OUT	py-atom	PETTA-TIMEOUT		
he_assert.metta	IN		LEATTA-NOOUT	5	
he_atomspace.metta	IN		LEATTA-NOOUT	7	
he_equalreduct.metta	IN		LEATTA-NOOUT	4	
he_error.metta	IN		LEATTA-NOOUT	5	
he_evaluation.metta	IN		LEATTA-NOOUT	4	
he_math.metta	IN		LEATTA-NOOUT	19	
he_minimalmetta.metta	IN		PETTA-TIMEOUT		
he_quoting.metta	IN		LEATTA-NOOUT	6	
he_types.metta	IN		LEATTA-NOOUT	7	
holbenchmark.metta	IN		LEATTA-NOOUT	4	
holfunctions.metta	IN		LEATTA-NOOUT	7	
holfunctions_intrinsicop.metta	IN		LEATTA-NOOUT	1	
hyperpose_primes.metta	IN		LEATTA-NOOUT	3	
identity.metta	IN		LEATTA-NOOUT	1	
if.metta	IN		LEATTA-NOOUT	1	
if2.metta	IN		LEATTA-NOOUT	1	
if3.metta	IN		LEATTA-NOOUT	1	
if4.metta	IN		LEATTA-NOOUT	1	
ifcasenondet.metta	IN		LEATTA-NOOUT	2	
ifsimple.metta	IN		LEATTA-NOOUT	1	
invertfunction.metta	IN		LEATTA-NOOUT	3	
invertpeanoplus.metta	IN		LEATTA-NOOUT	5	
is_alpha_member_test.metta	IN		LEATTA-NOOUT	25	
iter.metta	IN		LEATTA-NOOUT	1	
lambda.metta	IN		LEATTA-NOOUT	7	
let_superpose_if_case.metta	IN		LEATTA-NOOUT	1	
letext.metta	IN		LEATTA-NOOUT	1	
letlet.metta	IN		LEATTA-NOOUT	1	
letstar.metta	IN		LEATTA-NOOUT	1	
library.metta	IN		LEATTA-NOOUT	2	
listhead.metta	IN		LEATTA-NOOUT	3	
llm_cities.metta	IN		LEATTA-NOOUT	3	
logicprog.metta	IN		LEATTA-NOOUT	1	
logicprogset.metta	IN		LEATTA-NOOUT	1	
matchnested.metta	IN		LEATTA-NOOUT	1	
matchnested2.metta	IN		LEATTA-NOOUT	1	
matchsingle.metta	IN		LEATTA-NOOUT	2	
matchtypes.metta	IN		LEATTA-NOOUT	6	
matespace.metta	IN		LEATTA-NOOUT	1	
matespace2.metta	IN		LEATTA-NOOUT	1	
matespacefast.metta	IN		LEATTA-NOOUT	1	
math.metta	IN		LEATTA-NOOUT	19	
meta_types.metta	IN		LEATTA-NOOUT	6	
metta4_prog.metta	IN		LEATTA-NOOUT	3	
metta4_streams.metta	IN		LEATTA-NOOUT	5	
mettaset.metta	IN		LEATTA-NOOUT	9	
multicall.metta	IN		LEATTA-NOOUT	1	
multiset_operations.metta	IN		LEATTA-NOOUT	4	
mutex_and_transaction.metta	IN		LEATTA-NOOUT	8	
myinterpreter.metta	IN		LEATTA-NOOUT	4	
nars_direct.metta	IN		LEATTA-NOOUT	7	
nars_tuffy.metta	IN		LEATTA-NOOUT	0	
nestedcons.metta	IN		LEATTA-NOOUT	1	
nilbc.metta	IN		LEATTA-NOOUT	25	
once.metta	IN		LEATTA-NOOUT	2	
parametric_types.metta	IN		LEATTA-NOOUT	1	
parse.metta	IN		LEATTA-NOOUT	5	
partialdef.metta	IN		LEATTA-NOOUT	2	
patrick_iterate_fib.metta	IN		LEATTA-NOOUT	2	
patrick_iterate_quad.metta	IN		LEATTA-NOOUT	2	
patrick_test.metta	IN		LEATTA-NOOUT	4	
peano.metta	IN		LEATTA-NOOUT	1	
peanofast.metta	IN		LEATTA-NOOUT	2	
permutations.metta	IN		LEATTA-NOOUT	1	
pln_direct.metta	IN		LEATTA-NOOUT	7	
pln_roman.metta	IN		LEATTA-NOOUT	1	
pln_tuffy.metta	IN		LEATTA-NOOUT	1	
plntest.metta	IN		LEATTA-NOOUT	1	
plntestdirect.metta	IN		LEATTA-NOOUT	1	
prologimport.metta	OUT	import_prolog	LEATTA-NOOUT	1	
python.metta	OUT	py-call	LEATTA-NOOUT	1	
python_import.metta	OUT	py-call	LEATTA-NOOUT	2	
recursive_types.metta	IN		LEATTA-NOOUT	4	
recursive_types2.metta	IN		LEATTA-NOOUT	2	
repl.metta	IN		PETTA-TIMEOUT		
repr.metta	IN		LEATTA-NOOUT	6	
roman_test.metta	IN		LEATTA-NOOUT	20	
scale.metta	IN		LEATTA-NOOUT	1	
selfprog.metta	IN		LEATTA-NOOUT	4	
smartdispatch.metta	IN		LEATTA-NOOUT	1	
spacefunction.metta	IN		LEATTA-NOOUT	8	
spaces.metta	IN		LEATTA-NOOUT	1	
spaces2.metta	IN		LEATTA-NOOUT	3	
spaces3.metta	IN		LEATTA-NOOUT	7	
spaces_find.metta	IN		LEATTA-NOOUT	1	
spaces_removeallatoms.metta	IN		LEATTA-NOOUT	5	
spaces_succeedspredicate.metta	IN		LEATTA-NOOUT	3	
specialize.metta	IN		LEATTA-NOOUT	12	
specializecyclic.metta	IN		LEATTA-NOOUT	4	
specializefunctiontypes.metta	IN		LEATTA-NOOUT	3	
state.metta	IN		LEATTA-NOOUT	4	
streamops.metta	IN		LEATTA-NOOUT	4	
string.metta	IN		LEATTA-NOOUT	0	
supercollapse.metta	IN		LEATTA-NOOUT	1	
superpose_nested.metta	IN		LEATTA-NOOUT	1	
superpose_primes.metta	IN		LEATTA-NOOUT	1	
tabling_fib.metta	IN		LEATTA-NOOUT	3	
test_alpha_unique_atom.metta	IN		LEATTA-NOOUT	13	
test_backward_v01.metta	IN		LEATTA-NOOUT	3	
test_backward_v02.metta	IN		LEATTA-NOOUT	2	
test_backward_v03.metta	IN		LEATTA-NOOUT	5	
test_backward_v04.metta	IN		LEATTA-NOOUT	5	
test_backward_v05.metta	IN		LEATTA-NOOUT	5	
test_backward_v06.metta	IN		LEATTA-NOOUT	7	
test_backward_v06_fixed.metta	IN		LEATTA-NOOUT	7	
test_backward_v07.metta	IN		LEATTA-NOOUT	5	
test_backward_v08.metta	IN		LEATTA-NOOUT	5	
test_backward_v09.metta	IN		LEATTA-NOOUT	10	
test_collapse.metta	IN		LEATTA-NOOUT	5	
test_deduce_raw.metta	IN		LEATTA-NOOUT	3	
test_evidence_kind.metta	IN		LEATTA-NOOUT	5	
test_evidence_kind_import.metta	IN		LEATTA-NOOUT	6	
test_evidence_kind_inline.metta	IN		LEATTA-NOOUT	5	
test_let_match.metta	IN		LEATTA-NOOUT	3	
test_match_3arg.metta	IN		LEATTA-NOOUT	3	
test_match_simple.metta	IN		LEATTA-NOOUT	5	
test_match_simple2.metta	IN		LEATTA-NOOUT	1	
test_nal_import.metta	IN		LEATTA-NOOUT	5	
test_nal_test_primitive.metta	IN		LEATTA-NOOUT	9	
test_nal_v032.metta	IN		LEATTA-NOOUT	7	
test_nal_v033.metta	IN		LEATTA-NOOUT	5	
test_nal_v034.metta	IN		LEATTA-NOOUT	7	
test_protocosmoMain.metta	IN		LEATTA-NOOUT	2	
test_string_comments.metta	IN		LEATTA-NOOUT	0	
test_stv_match.metta	IN		LEATTA-NOOUT	2	
test_ulc_accessors.metta	IN		LEATTA-NOOUT	3	
test_unify_eval_branches.metta	IN		LEATTA-NOOUT	6	
tests.metta	IN		LEATTA-NOOUT	1	
tilepuzzle.metta	IN		LEATTA-NOOUT	1	
torch.metta	OUT	py-call	LEATTA-NOOUT	1	
translatepredicate.metta	OUT	translatePredicate	LEATTA-NOOUT	1	
translatorrule.metta	IN		LEATTA-NOOUT	5	
translatorrule_fib.metta	IN		LEATTA-NOOUT	2	
translatorrule_for.metta	IN		LEATTA-NOOUT	2	
twostage.metta	IN		LEATTA-NOOUT	2	
types.metta	IN		LEATTA-NOOUT	13	
types_dependent.metta	IN		LEATTA-NOOUT	2	
types_nondet.metta	IN		LEATTA-NOOUT	3	
xor.metta	IN		LEATTA-NOOUT	2	
plntest.metta	IN		AGREE	1	1
builin_types.metta	IN		DIFF-COUNT	37	36
fibsmartimport.metta	IN		DIFF-COUNT	2	1
he_assert.metta	OUT	assertEqual	DIFF-COUNT	6	5
he_equalreduct.metta	IN		DIFF-COUNT	5	4
he_error.metta	IN		DIFF-COUNT	6	3
he_evaluation.metta	IN		DIFF-COUNT	11	4
he_quoting.metta	IN		DIFF-COUNT	7	6
he_types.metta	IN		DIFF-COUNT	8	7
llm_cities.metta	OUT	sread	DIFF-VAL	1	1
pln_roman.metta	IN		LEATTA-TIMEOUT	2	
pln_tuffy.metta	IN		DIFF-COUNT	2	1
roman_test.metta	IN		DIFF-COUNT	27	18
spaces_find.metta	IN		DIFF-COUNT	2	1
builin_types.metta	IN		DIFF-COUNT	37	36
fibsmartimport.metta	IN		DIFF-COUNT	2	1
he_assert.metta	OUT	assertEqual	DIFF-COUNT	6	5
he_equalreduct.metta	IN		DIFF-COUNT	5	4
he_error.metta	IN		DIFF-COUNT	6	3
he_evaluation.metta	IN		DIFF-COUNT	11	4
he_quoting.metta	IN		DIFF-COUNT	7	6
he_types.metta	IN		DIFF-COUNT	8	7
llm_cities.metta	OUT	sread	DIFF-VAL	1	1
pln_roman.metta	IN		LEATTA-TIMEOUT	2	
pln_tuffy.metta	IN		DIFF-COUNT	2	1
roman_test.metta	IN		DIFF-COUNT	27	18
spaces_find.metta	IN		DIFF-COUNT	2	1
he_evaluation.metta	IN		AGREE	5	5
roman_test.metta	IN		AGREE	27	27
he_quoting.metta	IN		AGREE	7	7
spaces_find.metta	IN		AGREE	2	2
he_error.metta	IN		AGREE	6	6
nars_tuffy.metta	IN		LEATTA-NOOUT	2	
pln_tuffy.metta	IN		LEATTA-NOOUT	2	
invertpeanoplus.metta	IN		AGREE	5	5
specializefunctiontypes.metta	IN		AGREE	3	3
functionremovalspec.metta	IN		AGREE	5	5
specializefunctiontypes.metta	IN		AGREE	3	3
functionremovalspec.metta	IN		AGREE	5	5
peanofast.metta	IN		AGREE	2	2
peano.metta	IN		AGREE	1	1
specializefunctiontypes.metta	IN		AGREE	3	3
functionremovalspec.metta	IN		AGREE	5	5
peanofast.metta	IN		AGREE	2	2
peano.metta	IN		AGREE	1	1
